Drop TABLE DET;
Drop TABLE PRO;
Drop TABLE COM;
Drop TABLE FOU;
Drop TABLE CLI;

CREATE TABLE CLI(
  NumCli number(5) Constraint PK_Cli PRIMARY KEY, 
  NomCli char(20), 
  Pays char(30), 
  Tel char(15));

CREATE TABLE FOU(
  NumFou number(2) Constraint PK_FOU PRIMARY KEY, 
  NomFou char(20), 
  Pays char(30), 
  Tel char(15));

CREATE TABLE COM(
  NumCom number(5) Constraint PK_COM PRIMARY KEY, 
  NumCli Number(5) Constraint COM_REF_CLI REFERENCES Cli, --ON DELETE CASCADE,  
  FraisPort number(4),
  AnCom number(4));


CREATE TABLE PRO(
  NumPro number(5) Constraint PK_PRO PRIMARY KEY, 
  NumFou number(2) Constraint PRO_REF_FOU REFERENCES Fou, --ON DELETE CASCADE,  
  NomPro char(20), 
  TypePro char(10),
  PrixUnit number(3));

CREATE TABLE DET(
  NumCom number(5) Constraint DET_REF_COM REFERENCES Com, --ON DELETE CASCADE,  
  NumPro number(5)Constraint DET_REF_PRO REFERENCES Pro, --ON DELETE CASCADE,  
  Qte number(5), 
  Remise number(5), 
  Constraint PK_DET PRIMARY KEY (NumCom, NumPro));
  
  

insert into CLI values (1,'Maria','Pologne','4867427275');
insert into CLI values (2,'Ana','Autriche','4905219433');
insert into CLI values (3,'Antonio','Espagne','7062001573');
insert into CLI values (4,'Thomas','Danemark','2819391872');
insert into CLI values (5,'Christina','Pologne','6149520565');
insert into CLI values (6,'Hanna','France','5343415742');
insert into CLI values (7,'Fridirique','Danemark','8587949926');
insert into CLI values (8,'Martmn','Allemagne','4158171245');
insert into CLI values (9,'Laurence','Etats-Unis','5301741048');
insert into CLI values (10,'Elizabeth','Autriche','4300781005');
insert into CLI values (11,'Victoria','Espagne','1872198482');
insert into CLI values (12,'Patricio','Irlande','9763236494');
insert into CLI values (13,'Francisco','Canada','8647555663');
insert into CLI values (14,'Yang','Etats-Unis','4546115061');
insert into CLI values (15,'Pedro','Pologne','8297959402');
insert into CLI values (16,'Elizabeth','Argentine','9161236364');
insert into CLI values (17,'Sven','Canada','9404275732');
insert into CLI values (18,'Janine','Vinizuela','2293907428');
insert into CLI values (19,'Ann','Canada','2366800376');
insert into CLI values (20,'Roland','Autriche','7248445024');
insert into CLI values (21,'Aria','Etats-Unis','6880531536');
insert into CLI values (22,'Diego','Royaume-Uni','2602166812');
insert into CLI values (23,'Martine','Argentine','5782206975');
insert into CLI values (24,'Maria','Norvhge','6956645757');
insert into CLI values (25,'Peter','Portugal','3119931053');
insert into CLI values (26,'Carine','Irlande','5744816809');
insert into CLI values (27,'Paolo','Etats-Unis','8747833695');
insert into CLI values (28,'Lino','Finlande','8376668801');
insert into CLI values (29,'Eduardo','Allemagne','8166245661');
insert into CLI values (30,'Josi','Brisil','2600580517');
insert into CLI values (31,'Andri','Brisil','8203207204');
insert into CLI values (32,'Howard','Portugal','5599901014');
insert into CLI values (33,'Manuel','Mexique','7529802287');
insert into CLI values (34,'Mario','Royaume-Uni','7090211435');
insert into CLI values (35,'Carlos','Italie','9868452171');
insert into CLI values (36,'Yoshi','France','6970718241');
insert into CLI values (37,'Patricia','France','6325795434');
insert into CLI values (38,'Helen','Italie','8538906624');
insert into CLI values (39,'Philip','Royaume-Uni','8503903231');
insert into CLI values (40,'Daniel','Portugal','6735580764');
insert into CLI values (41,'Annette','Danemark','1040635384');
insert into CLI values (42,'Yoshi','Finlande','5982053989');
insert into CLI values (43,'John','Argentine','7654174700');
insert into CLI values (44,'Renate','Suisse','4551672143');
insert into CLI values (45,'Jaime','Suhde','8874059921');
insert into CLI values (46,'Carlos','Mexique','6044433450');
insert into CLI values (47,'Felipe','Belgique','8282862821');
insert into CLI values (48,'Fran','Brisil','4897713078');
insert into CLI values (49,'Giovanni','Etats-Unis','5342090175');
insert into CLI values (50,'Catherine','Norvhge','4569560593');
insert into CLI values (51,'Jean','Allemagne','4556534044');
insert into CLI values (52,'Alexander','Argentine','2622798812');
insert into CLI values (53,'Simon','Brisil','1409076845');
insert into CLI values (54,'Yvonne','Irlande','6445644478');
insert into CLI values (55,'Rene','Allemagne','6576361700');
insert into CLI values (56,'Henriette','Norvhge','3350201010');
insert into CLI values (57,'Marie','Portugal','8226069096');
insert into CLI values (58,'Guillermo','Finlande','5126537623');
insert into CLI values (59,'Georg','Espagne','2627944625');
insert into CLI values (60,'Isabel','Royaume-Uni','6946106259');
insert into CLI values (61,'Bernardo','France','7611518157');
insert into CLI values (62,'Lzcia','Italie','8621765101');
insert into CLI values (63,'Horst','Pologne','3257006751');
insert into CLI values (64,'Sergio','Belgique','1965245844');
insert into CLI values (65,'Paula','Mexique','5581380107');
insert into CLI values (66,'Maurizio','Brisil','5635981344');
insert into CLI values (67,'Janete','Suisse','1874726623');
insert into CLI values (68,'Michael','Canada','7592113615');
insert into CLI values (69,'Alejandra','Allemagne','7049757042');
insert into CLI values (70,'Jonas','Autriche','7049757042');
insert into CLI values (71,'Jose','Belgique','3150769564');
insert into CLI values (72,'Hari','Irlande','2609838885');
insert into CLI values (73,'Jytte','Canada','9129637158');
insert into CLI values (74,'Dominique','Suhde','5068472601');
insert into CLI values (75,'Art','Finlande','8371359049');
insert into CLI values (76,'Pascale','Finlande','1019168842');
insert into CLI values (77,'Liz','Irlande','2159142555');
insert into CLI values (78,'Liu','France','1840982385');
insert into CLI values (79,'Karin','Danemark','9189949794');
insert into CLI values (80,'Miguel','Danemark','3398870174');
insert into CLI values (81,'Anabela','Belgique','9205928086');
insert into CLI values (82,'Helvetius','Mexique','7321682571');
insert into CLI values (83,'Palle','Espagne','6146475812');
insert into CLI values (84,'Mary','Autriche','2440898090');
insert into CLI values (85,'Paul','Italie','5962088885');
insert into CLI values (86,'Rita','Argentine','9576887812');
insert into CLI values (87,'Pirkko','Suhde','5517150313');
insert into CLI values (88,'Paula','Norvhge','4835167142');
insert into CLI values (89,'Karl','Espagne','3078446179');
insert into CLI values (90,'Matti','Belgique','3321868848');
insert into CLI values (91,'Zbyszek','Italie','8975908656');

insert into COM values (10000,54,26,2009);
insert into COM values (10001,51,476,2001);
insert into COM values (10002,24,217,2006);
insert into COM values (10003,73,111,2009);
insert into COM values (10004,83,120,2003);
insert into COM values (10005,87,24,2000);
insert into COM values (10006,27,21,2003);
insert into COM values (10007,52,217,2004);
insert into COM values (10008,28,445,2007);
insert into COM values (10009,72,295,2003);
insert into COM values (10010,73,18,2006);
insert into COM values (10011,88,189,2008);
insert into COM values (10012,47,615,2001);
insert into COM values (10013,68,305,2006);
insert into COM values (10014,33,106,2006);
insert into COM values (10015,59,132,2002);
insert into COM values (10016,23,678,2007);
insert into COM values (10017,7,670,2000);
insert into COM values (10018,65,392,2006);
insert into COM values (10019,49,14,2005);
insert into COM values (10020,85,165,2004);
insert into COM values (10021,20,451,2001);
insert into COM values (10022,41,276,2009);
insert into COM values (10023,79,401,2009);
insert into COM values (10024,65,31,2006);
insert into COM values (10025,65,19,2006);
insert into COM values (10026,52,8,2001);
insert into COM values (10027,20,600,2002);
insert into COM values (10028,3,281,2009);
insert into COM values (10029,70,40,2000);
insert into COM values (10030,46,158,2008);
insert into COM values (10031,76,42,2003);
insert into COM values (10032,8,1,2005);
insert into COM values (10033,56,51,2006);
insert into COM values (10034,19,385,2005);
insert into COM values (10035,35,1155,2004);
insert into COM values (10036,13,102,2007);
insert into COM values (10037,83,177,2006);
insert into COM values (10038,55,224,2008);
insert into COM values (10039,51,44,2000);
insert into COM values (10040,89,311,2006);
insert into COM values (10041,35,15,2000);
insert into COM values (10042,24,636,2009);
insert into COM values (10043,47,997,2008);
insert into COM values (10044,3,405,2005);
insert into COM values (10045,5,134,2009);
insert into COM values (10046,70,97,2002);
insert into COM values (10047,52,106,2005);
insert into COM values (10048,35,370,2005);
insert into COM values (10049,79,28,2005);
insert into COM values (10050,8,291,2003);
insert into COM values (10051,24,130,2004);
insert into COM values (10052,71,1089,2004);
insert into COM values (10053,87,375,2007);
insert into COM values (10054,67,314,2006);
insert into COM values (10055,7,811,2005);
insert into COM values (10056,46,120,2009);
insert into COM values (10057,78,24,2003);
insert into COM values (10058,37,609,2002);
insert into COM values (10059,46,134,2006);
insert into COM values (10060,72,611,2007);
insert into COM values (10061,19,26,2003);
insert into COM values (10062,1,283,2008);
insert into COM values (10063,37,91,2004);
insert into COM values (10064,83,61,2004);
insert into COM values (10065,71,270,2002);
insert into COM values (10066,87,43,2008);
insert into COM values (10067,26,157,2005);
insert into COM values (10068,59,114,2006);
insert into COM values (10069,41,152,2001);
insert into COM values (10070,41,286,2005);
insert into COM values (10071,37,1171,2005);
insert into COM values (10072,24,1063,2004);
insert into COM values (10073,24,583,2008);
insert into COM values (10074,37,314,2007);
insert into COM values (10075,14,176,2004);
insert into COM values (10076,74,5,2008);
insert into COM values (10077,41,169,2004);
insert into COM values (10078,68,418,2007);
insert into COM values (10079,76,312,2003);
insert into COM values (10080,10,212,2008);
insert into COM values (10081,14,126,2004);
insert into COM values (10082,30,17,2002);
insert into COM values (10083,76,473,2001);
insert into COM values (10084,41,464,2000);
insert into COM values (10085,70,124,2000);
insert into COM values (10086,27,1069,2004);
insert into COM values (10087,51,477,2009);
insert into COM values (10088,47,28,2007);
insert into COM values (10089,29,104,2004);
insert into COM values (10090,11,477,2007);
insert into COM values (10091,67,5971,2000);
insert into COM values (10092,20,98,2002);
insert into COM values (10093,63,1581,2004);
insert into COM values (10094,65,811,2004);
insert into COM values (10095,43,15,2009);
insert into COM values (10096,68,2808,2001);
insert into COM values (10097,19,2341,2009);
insert into COM values (10098,71,1060,2008);
insert into COM values (10099,49,463,2006);
insert into COM values (10100,18,946,2002);
insert into COM values (10101,3,8,2000);
insert into COM values (10102,6,696,2002);
insert into COM values (10103,24,529,2002);
insert into COM values (10104,76,142,2004);
insert into COM values (10105,76,1118,2008);
insert into COM values (10106,60,130,2007);
insert into COM values (10107,87,142,2000);
insert into COM values (10108,25,192,2000);
insert into COM values (10109,63,162,2004);
insert into COM values (10110,31,413,2006);
insert into COM values (10111,65,42,2002);
insert into COM values (10112,17,8,2000);
insert into COM values (10113,28,315,2005);
insert into COM values (10114,29,63,2000);
insert into COM values (10115,54,145,2004);
insert into COM values (10116,19,10,2008);
insert into COM values (10117,81,209,2006);
insert into COM values (10118,89,1039,2008);
insert into COM values (10119,28,66,2004);
insert into COM values (10120,43,32,2008);
insert into COM values (10121,51,676,2000);
insert into COM values (10122,70,3,2005);
insert into COM values (10123,83,401,2001);
insert into COM values (10124,37,279,2004);
insert into COM values (10125,66,71,2009);
insert into COM values (10126,84,140,2004);
insert into COM values (10127,91,93,2003);
insert into COM values (10128,7,306,2005);
insert into COM values (10129,66,164,2004);
insert into COM values (10130,37,528,2006);
insert into COM values (10131,51,1289,2004);
insert into COM values (10132,45,673,2003);
insert into COM values (10133,66,44,2004);
insert into COM values (10134,87,47,2003);
insert into COM values (10135,33,36,2008);
insert into COM values (10136,37,248,2001);
insert into COM values (10137,3,309,2001);
insert into COM values (10138,18,0,2009);
insert into COM values (10139,83,119,2001);
insert into COM values (10140,44,164,2001);
insert into COM values (10141,25,993,2008);
insert into COM values (10142,3,47,2000);
insert into COM values (10143,56,86,2006);
insert into COM values (10144,4,188,2004);
insert into COM values (10145,31,91,2009);
insert into COM values (10146,22,4,2004);
insert into COM values (10147,27,382,2002);
insert into COM values (10148,83,362,2009);
insert into COM values (10149,55,381,2002);
insert into COM values (10150,73,192,2000);
insert into COM values (10151,21,4,2006);
insert into COM values (10152,44,66,2001);
insert into COM values (10153,84,155,2006);
insert into COM values (10154,53,128,2001);
insert into COM values (10155,14,880,2003);
insert into COM values (10156,68,406,2007);
insert into COM values (10157,35,61,2009);
insert into COM values (10158,5,116,2005);
insert into COM values (10159,50,157,2007);
insert into COM values (10160,30,28,2001);
insert into COM values (10161,39,232,2009);
insert into COM values (10162,14,80,2002);
insert into COM values (10163,25,694,2008);
insert into COM values (10164,33,19,2001);
insert into COM values (10165,47,506,2001);
insert into COM values (10166,38,329,2006);
insert into COM values (10167,71,1274,2001);
insert into COM values (10168,71,709,2008);
insert into COM values (10169,65,666,2006);
insert into COM values (10170,66,6,2003);
insert into COM values (10171,5,118,2000);
insert into COM values (10172,38,49,2000);
insert into COM values (10173,23,224,2002);
insert into COM values (10174,51,272,2004);
insert into COM values (10175,72,830,2009);
insert into COM values (10176,10,29,2001);
insert into COM values (10177,44,18,2004);
insert into COM values (10178,56,370,2007);
insert into COM values (10179,22,190,2008);
insert into COM values (10180,34,109,2002);
insert into COM values (10181,28,745,2004);
insert into COM values (10182,18,120,2006);
insert into COM values (10183,10,96,2000);
insert into COM values (10184,22,190,2007);
insert into COM values (10185,21,206,2007);
insert into COM values (10186,30,121,2007);
insert into COM values (10187,83,314,2006);
insert into COM values (10188,87,3,2003);
insert into COM values (10189,35,67,2008);
insert into COM values (10190,9,6,2002);
insert into COM values (10191,49,107,2003);
insert into COM values (10192,17,160,2002);
insert into COM values (10193,71,36,2003);
insert into COM values (10194,59,224,2000);
insert into COM values (10195,61,470,2006);
insert into COM values (10196,46,2466,2006);
insert into COM values (10197,44,220,2003);
insert into COM values (10198,54,186,2000);
insert into COM values (10199,71,301,2006);
insert into COM values (10200,8,150,2004);
insert into COM values (10201,73,70,2009);
insert into COM values (10202,25,1038,2003);
insert into COM values (10203,18,228,2003);
insert into COM values (10204,76,0,2002);
insert into COM values (10205,37,961,2003);
insert into COM values (10206,71,240,2009);
insert into COM values (10207,79,124,2007);
insert into COM values (10208,68,157,2000);
insert into COM values (10209,66,106,2002);
insert into COM values (10210,24,56,2008);
insert into COM values (10211,50,188,2009);
insert into COM values (10212,9,59,2009);
insert into COM values (10213,5,22,2007);
insert into COM values (10214,51,472,2006);
insert into COM values (10215,86,79,2005);
insert into COM values (10216,65,172,2001);
insert into COM values (10217,50,3,2002);
insert into COM values (10218,3,465,2003);
insert into COM values (10219,72,432,2002);
insert into COM values (10220,19,199,2003);
insert into COM values (10221,49,48,2007);
insert into COM values (10222,25,822,2001);
insert into COM values (10223,74,99,2008);
insert into COM values (10224,67,147,2002);
insert into COM values (10225,71,886,2001);
insert into COM values (10226,71,2152,2006);
insert into COM values (10227,81,12,2005);
insert into COM values (10228,13,216,2008);
insert into COM values (10229,43,52,2004);
insert into COM values (10230,10,906,2004);
insert into COM values (10231,10,127,2004);
insert into COM values (10232,17,74,2008);
insert into COM values (10233,5,236,2001);
insert into COM values (10234,33,182,2006);
insert into COM values (10235,84,45,2001);
insert into COM values (10236,72,325,2006);
insert into COM values (10237,86,282,2002);
insert into COM values (10238,11,43,2006);
insert into COM values (10239,27,271,2006);
insert into COM values (10240,10,90,2006);
insert into COM values (10241,8,534,2008);
insert into COM values (10242,46,335,2005);
insert into COM values (10243,16,68,2003);
insert into COM values (10244,67,88,2004);
insert into COM values (10245,37,277,2004);
insert into COM values (10246,31,82,2003);
insert into COM values (10247,71,655,2005);
insert into COM values (10248,85,194,2005);
insert into COM values (10249,79,69,2000);
insert into COM values (10250,34,394,2006);
insert into COM values (10251,84,248,2007);
insert into COM values (10252,76,307,2009);
insert into COM values (10253,34,349,2004);
insert into COM values (10254,14,137,2001);
insert into COM values (10255,68,889,2009);
insert into COM values (10256,88,83,2005);
insert into COM values (10257,35,491,2000);
insert into COM values (10258,20,843,2004);
insert into COM values (10259,13,19,2004);
insert into COM values (10260,56,330,2008);
insert into COM values (10261,61,18,2007);
insert into COM values (10262,65,289,2000);
insert into COM values (10263,20,876,2001);
insert into COM values (10264,24,22,2008);
insert into COM values (10265,7,331,2008);
insert into COM values (10266,87,154,2008);
insert into COM values (10267,25,1251,2008);
insert into COM values (10268,33,397,2007);
insert into COM values (10269,89,27,2001);
insert into COM values (10270,87,819,2001);
insert into COM values (10271,75,27,2007);
insert into COM values (10272,65,588,2007);
insert into COM values (10273,63,456,2001);
insert into COM values (10274,85,36,2005);
insert into COM values (10275,49,161,2008);
insert into COM values (10276,80,83,2006);
insert into COM values (10277,52,754,2007);
insert into COM values (10278,5,556,2005);
insert into COM values (10279,44,154,2002);
insert into COM values (10280,5,53,2009);
insert into COM values (10281,69,17,2007);
insert into COM values (10282,69,76,2005);
insert into COM values (10283,46,508,2008);
insert into COM values (10284,44,459,2004);
insert into COM values (10285,63,460,2003);
insert into COM values (10286,63,1375,2005);
insert into COM values (10287,67,76,2001);
insert into COM values (10288,66,44,2004);
insert into COM values (10289,11,136,2000);
insert into COM values (10290,15,478,2003);
insert into COM values (10291,61,38,2008);
insert into COM values (10292,81,8,2001);
insert into COM values (10293,80,127,2000);
insert into COM values (10294,65,883,2005);
insert into COM values (10295,85,6,2003);
insert into COM values (10296,46,0,2004);
insert into COM values (10297,7,34,2007);
insert into COM values (10298,37,1009,2000);
insert into COM values (10299,67,178,2006);
insert into COM values (10300,49,106,2008);
insert into COM values (10301,86,270,2009);
insert into COM values (10302,76,37,2000);
insert into COM values (10303,30,646,2005);
insert into COM values (10304,80,382,2008);
insert into COM values (10305,55,1545,2003);
insert into COM values (10306,69,45,2008);
insert into COM values (10307,48,3,2007);
insert into COM values (10308,2,9,2004);
insert into COM values (10309,37,283,2003);
insert into COM values (10310,77,105,2009);
insert into COM values (10311,18,148,2008);
insert into COM values (10312,86,241,2002);
insert into COM values (10313,63,11,2005);
insert into COM values (10314,65,444,2007);
insert into COM values (10315,38,250,2002);
insert into COM values (10316,65,900,2009);
insert into COM values (10317,48,76,2004);
insert into COM values (10318,38,28,2005);
insert into COM values (10319,80,387,2009);
insert into COM values (10320,87,207,2001);
insert into COM values (10321,38,20,2003);
insert into COM values (10322,58,2,2003);
insert into COM values (10323,39,29,2002);
insert into COM values (10324,71,1285,2003);
insert into COM values (10325,39,389,2007);
insert into COM values (10326,8,467,2003);
insert into COM values (10327,24,380,2006);
insert into COM values (10328,28,522,2002);
insert into COM values (10329,75,1150,2007);
insert into COM values (10330,46,76,2002);
insert into COM values (10331,9,61,2002);
insert into COM values (10332,51,317,2009);
insert into COM values (10333,87,3,2001);
insert into COM values (10334,84,51,2001);
insert into COM values (10335,37,252,2001);
insert into COM values (10336,60,93,2001);
insert into COM values (10337,25,649,2006);
insert into COM values (10338,55,505,2005);
insert into COM values (10339,51,93,2004);
insert into COM values (10340,9,997,2006);
insert into COM values (10341,73,160,2009);
insert into COM values (10342,25,328,2003);
insert into COM values (10343,44,662,2003);
insert into COM values (10344,89,139,2003);
insert into COM values (10345,63,1494,2004);
insert into COM values (10346,65,852,2002);
insert into COM values (10347,21,18,2003);
insert into COM values (10348,86,4,2003);
insert into COM values (10349,75,51,2003);
insert into COM values (10350,41,385,2005);
insert into COM values (10351,20,973,2006);
insert into COM values (10352,28,7,2009);
insert into COM values (10353,59,2163,2004);
insert into COM values (10354,58,322,2008);
insert into COM values (10355,4,251,2004);
insert into COM values (10356,86,220,2001);
insert into COM values (10357,46,209,2002);
insert into COM values (10358,41,117,2008);
insert into COM values (10359,72,1730,2003);
insert into COM values (10360,7,790,2002);
insert into COM values (10361,63,1099,2002);
insert into COM values (10362,9,576,2002);
insert into COM values (10363,17,183,2006);
insert into COM values (10364,19,431,2007);
insert into COM values (10365,3,132,2005);
insert into COM values (10366,29,60,2003);
insert into COM values (10367,83,81,2000);
insert into COM values (10368,20,611,2002);
insert into COM values (10369,75,1174,2002);
insert into COM values (10370,14,7,2009);
insert into COM values (10371,41,2,2002);
insert into COM values (10372,62,5344,2000);
insert into COM values (10373,37,744,2001);
insert into COM values (10374,91,23,2005);
insert into COM values (10375,36,120,2001);
insert into COM values (10376,51,122,2001);
insert into COM values (10377,72,133,2006);
insert into COM values (10378,24,32,2001);
insert into COM values (10379,61,270,2002);
insert into COM values (10380,37,210,2005);
insert into COM values (10381,46,47,2005);
insert into COM values (10382,20,568,2006);
insert into COM values (10383,4,205,2005);
insert into COM values (10384,5,1011,2004);
insert into COM values (10385,75,185,2008);
insert into COM values (10386,21,83,2009);
insert into COM values (10387,70,561,2003);
insert into COM values (10388,72,209,2002);
insert into COM values (10389,10,284,2007);
insert into COM values (10390,20,758,2009);
insert into COM values (10391,17,32,2008);
insert into COM values (10392,59,734,2007);
insert into COM values (10393,71,759,2002);
insert into COM values (10394,36,182,2008);
insert into COM values (10395,35,1106,2002);
insert into COM values (10396,25,812,2009);
insert into COM values (10397,60,361,2004);
insert into COM values (10398,71,534,2005);
insert into COM values (10399,83,164,2006);
insert into COM values (10400,19,503,2001);
insert into COM values (10401,65,75,2008);
insert into COM values (10402,20,407,2008);
insert into COM values (10403,20,442,2003);
insert into COM values (10404,49,935,2003);
insert into COM values (10405,47,208,2007);
insert into COM values (10406,62,648,2007);
insert into COM values (10407,56,548,2006);
insert into COM values (10408,23,67,2007);
insert into COM values (10409,54,178,2007);
insert into COM values (10410,10,14,2008);
insert into COM values (10411,10,141,2003);
insert into COM values (10412,87,22,2003);
insert into COM values (10413,41,573,2000);
insert into COM values (10414,21,128,2003);
insert into COM values (10415,36,1,2008);
insert into COM values (10416,87,136,2000);
insert into COM values (10417,73,421,2005);
insert into COM values (10418,63,105,2004);
insert into COM values (10419,68,824,2003);
insert into COM values (10420,88,264,2007);
insert into COM values (10421,61,595,2000);
insert into COM values (10422,27,18,2008);
insert into COM values (10423,31,147,2000);
insert into COM values (10424,51,2223,2001);
insert into COM values (10425,41,47,2002);
insert into COM values (10426,29,112,2004);
insert into COM values (10427,59,187,2008);
insert into COM values (10428,66,66,2006);
insert into COM values (10429,37,339,2008);
insert into COM values (10430,20,2752,2000);
insert into COM values (10431,10,265,2001);
insert into COM values (10432,75,26,2003);
insert into COM values (10433,60,442,2008);
insert into COM values (10434,24,107,2006);
insert into COM values (10435,16,55,2004);
insert into COM values (10436,7,939,2006);
insert into COM values (10437,87,119,2002);
insert into COM values (10438,79,49,2004);
insert into COM values (10439,51,24,2003);
insert into COM values (10440,71,519,2001);
insert into COM values (10441,55,438,2003);
insert into COM values (10442,20,287,2004);
insert into COM values (10443,66,83,2004);
insert into COM values (10444,5,21,2005);
insert into COM values (10445,5,55,2009);
insert into COM values (10446,79,88,2001);
insert into COM values (10447,67,411,2003);
insert into COM values (10448,64,232,2005);
insert into COM values (10449,7,319,2009);
insert into COM values (10450,84,43,2002);
insert into COM values (10451,63,1134,2001);
insert into COM values (10452,71,841,2007);
insert into COM values (10453,4,152,2005);
insert into COM values (10454,41,16,2001);
insert into COM values (10455,87,1082,2003);
insert into COM values (10456,39,48,2006);
insert into COM values (10457,39,69,2008);
insert into COM values (10458,76,882,2001);
insert into COM values (10459,84,150,2004);
insert into COM values (10460,24,97,2001);
insert into COM values (10461,46,891,2007);
insert into COM values (10462,16,37,2004);
insert into COM values (10463,76,88,2003);
insert into COM values (10464,28,534,2007);
insert into COM values (10465,83,870,2005);
insert into COM values (10466,15,71,2007);
insert into COM values (10467,49,29,2004);
insert into COM values (10468,39,264,2007);
insert into COM values (10469,89,361,2007);
insert into COM values (10470,9,387,2009);
insert into COM values (10471,11,273,2001);
insert into COM values (10472,72,25,2006);
insert into COM values (10473,38,98,2007);
insert into COM values (10474,58,500,2000);
insert into COM values (10475,76,411,2004);
insert into COM values (10476,35,26,2005);
insert into COM values (10477,60,78,2002);
insert into COM values (10478,84,28,2009);
insert into COM values (10479,65,4253,2009);
insert into COM values (10480,23,8,2005);
insert into COM values (10481,67,385,2008);
insert into COM values (10482,43,44,2008);
insert into COM values (10483,89,91,2001);
insert into COM values (10484,11,41,2009);
insert into COM values (10485,47,386,2000);
insert into COM values (10486,35,183,2002);
insert into COM values (10487,62,426,2000);
insert into COM values (10488,25,29,2003);
insert into COM values (10489,59,31,2005);
insert into COM values (10490,35,1261,2000);
insert into COM values (10491,28,101,2000);
insert into COM values (10492,10,377,2002);
insert into COM values (10493,41,63,2003);
insert into COM values (10494,15,395,2009);
insert into COM values (10495,42,27,2003);
insert into COM values (10496,81,280,2004);
insert into COM values (10497,44,217,2002);
insert into COM values (10498,35,178,2002);
insert into COM values (10499,46,612,2009);
insert into COM values (10500,41,256,2002);
insert into COM values (10501,6,53,2002);
insert into COM values (10502,58,415,2006);
insert into COM values (10503,37,100,2006);
insert into COM values (10504,89,354,2006);
insert into COM values (10505,51,42,2001);
insert into COM values (10506,39,127,2003);
insert into COM values (10507,3,284,2004);
insert into COM values (10508,56,29,2007);
insert into COM values (10509,6,0,2008);
insert into COM values (10510,71,2205,2005);
insert into COM values (10511,9,2103,2002);
insert into COM values (10512,21,21,2008);
insert into COM values (10513,86,633,2002);
insert into COM values (10514,20,4739,2002);
insert into COM values (10515,63,1226,2008);
insert into COM values (10516,37,376,2007);
insert into COM values (10517,53,192,2003);
insert into COM values (10518,80,1308,2005);
insert into COM values (10519,14,550,2009);
insert into COM values (10520,70,80,2001);
insert into COM values (10521,12,103,2009);
insert into COM values (10522,44,271,2003);
insert into COM values (10523,72,465,2009);
insert into COM values (10524,5,1468,2001);
insert into COM values (10525,9,66,2008);
insert into COM values (10526,87,351,2009);
insert into COM values (10527,63,251,2000);
insert into COM values (10528,32,20,2002);
insert into COM values (10529,50,400,2008);
insert into COM values (10530,59,2035,2001);
insert into COM values (10531,54,48,2002);
insert into COM values (10532,19,446,2007);
insert into COM values (10533,24,1128,2005);
insert into COM values (10534,44,167,2006);
insert into COM values (10535,3,93,2002);
insert into COM values (10536,44,353,2006);
insert into COM values (10537,68,473,2002);
insert into COM values (10538,11,29,2003);
insert into COM values (10539,11,74,2005);
insert into COM values (10540,63,6045,2006);
insert into COM values (10541,34,411,2008);
insert into COM values (10542,39,65,2008);
insert into COM values (10543,46,289,2004);
insert into COM values (10544,48,149,2005);
insert into COM values (10545,43,71,2007);
insert into COM values (10546,84,1168,2006);
insert into COM values (10547,72,1070,2005);
insert into COM values (10548,79,8,2004);
insert into COM values (10549,63,1027,2009);
insert into COM values (10550,30,25,2008);
insert into COM values (10551,28,437,2009);
insert into COM values (10552,35,499,2003);
insert into COM values (10553,87,896,2007);
insert into COM values (10554,56,725,2008);
insert into COM values (10555,71,1514,2006);
insert into COM values (10556,73,58,2002);
insert into COM values (10557,44,580,2001);
insert into COM values (10558,4,437,2007);
insert into COM values (10559,7,48,2005);
insert into COM values (10560,25,219,2000);
insert into COM values (10561,24,1453,2005);
insert into COM values (10562,66,137,2005);
insert into COM values (10563,67,362,2001);
insert into COM values (10564,65,82,2008);
insert into COM values (10565,51,42,2005);
insert into COM values (10566,7,530,2004);
insert into COM values (10567,37,203,2007);
insert into COM values (10568,29,39,2004);
insert into COM values (10569,65,353,2005);
insert into COM values (10570,51,1133,2009);
insert into COM values (10571,20,156,2009);
insert into COM values (10572,5,698,2003);
insert into COM values (10573,3,509,2005);
insert into COM values (10574,82,225,2008);
insert into COM values (10575,52,764,2001);
insert into COM values (10576,80,111,2002);
insert into COM values (10577,82,152,2005);
insert into COM values (10578,11,177,2005);
insert into COM values (10579,45,82,2001);
insert into COM values (10580,56,455,2006);
insert into COM values (10581,21,18,2005);
insert into COM values (10582,6,166,2005);
insert into COM values (10583,87,43,2006);
insert into COM values (10584,7,354,2004);
insert into COM values (10585,88,80,2002);
insert into COM values (10586,66,2,2005);
insert into COM values (10587,61,375,2009);
insert into COM values (10588,63,1168,2009);
insert into COM values (10589,32,26,2007);
insert into COM values (10590,51,268,2008);
insert into COM values (10591,83,335,2002);
insert into COM values (10592,44,192,2002);
insert into COM values (10593,44,1045,2007);
insert into COM values (10594,55,31,2004);
insert into COM values (10595,20,580,2004);
insert into COM values (10596,89,98,2006);
insert into COM values (10597,59,210,2000);
insert into COM values (10598,65,266,2004);
insert into COM values (10599,11,179,2003);
insert into COM values (10600,36,270,2003);
insert into COM values (10601,35,349,2006);
insert into COM values (10602,83,17,2005);
insert into COM values (10603,71,292,2008);
insert into COM values (10604,28,44,2009);
insert into COM values (10605,51,2274,2000);
insert into COM values (10606,81,476,2000);
insert into COM values (10607,71,1201,2005);
insert into COM values (10608,79,166,2000);
insert into COM values (10609,18,11,2007);
insert into COM values (10610,41,160,2008);
insert into COM values (10611,91,483,2001);
insert into COM values (10612,71,3264,2001);
insert into COM values (10613,35,48,2003);
insert into COM values (10614,6,11,2000);
insert into COM values (10615,90,4,2001);
insert into COM values (10616,32,699,2004);
insert into COM values (10617,32,111,2000);
insert into COM values (10618,51,928,2008);
insert into COM values (10619,51,546,2007);
insert into COM values (10620,42,5,2008);
insert into COM values (10621,38,142,2002);
insert into COM values (10622,67,305,2009);
insert into COM values (10623,25,583,2009);
insert into COM values (10624,78,568,2002);
insert into COM values (10625,2,263,2004);
insert into COM values (10626,5,832,2008);
insert into COM values (10627,71,644,2008);
insert into COM values (10628,7,182,2008);
insert into COM values (10629,30,512,2004);
insert into COM values (10630,39,194,2000);
insert into COM values (10631,41,5,2007);
insert into COM values (10632,86,248,2009);
insert into COM values (10633,20,2867,2008);
insert into COM values (10634,23,2924,2007);
insert into COM values (10635,49,284,2006);
insert into COM values (10636,87,6,2006);
insert into COM values (10637,62,1207,2004);
insert into COM values (10638,47,950,2001);
insert into COM values (10639,70,231,2002);
insert into COM values (10640,86,141,2002);
insert into COM values (10641,35,1077,2002);
insert into COM values (10642,73,251,2004);
insert into COM values (10643,1,176,2001);
insert into COM values (10644,88,0,2000);
insert into COM values (10645,34,74,2004);
insert into COM values (10646,37,853,2003);
insert into COM values (10647,61,273,2007);
insert into COM values (10648,67,85,2008);
insert into COM values (10649,50,37,2004);
insert into COM values (10650,21,1060,2006);
insert into COM values (10651,86,123,2004);
insert into COM values (10652,31,42,2006);
insert into COM values (10653,25,559,2008);
insert into COM values (10654,5,331,2002);
insert into COM values (10655,66,26,2007);
insert into COM values (10656,32,342,2004);
insert into COM values (10657,71,2116,2001);
insert into COM values (10658,63,2184,2007);
insert into COM values (10659,62,634,2005);
insert into COM values (10660,36,667,2006);
insert into COM values (10661,37,105,2002);
insert into COM values (10662,48,7,2004);
insert into COM values (10663,9,678,2007);
insert into COM values (10664,28,7,2002);
insert into COM values (10665,48,157,2001);
insert into COM values (10666,68,1394,2000);
insert into COM values (10667,20,468,2004);
insert into COM values (10668,86,283,2009);
insert into COM values (10669,73,146,2007);
insert into COM values (10670,25,1220,2001);
insert into COM values (10671,26,182,2005);
insert into COM values (10672,5,574,2007);
insert into COM values (10673,90,136,2006);
insert into COM values (10674,38,5,2003);
insert into COM values (10675,25,191,2008);
insert into COM values (10676,80,12,2004);
insert into COM values (10677,3,24,2003);
insert into COM values (10678,71,2333,2008);
insert into COM values (10679,7,167,2001);
insert into COM values (10680,55,159,2003);
insert into COM values (10681,32,456,2007);
insert into COM values (10682,3,216,2000);
insert into COM values (10683,18,26,2005);
insert into COM values (10684,56,873,2009);
insert into COM values (10685,31,202,2009);
insert into COM values (10686,59,579,2005);
insert into COM values (10687,37,1778,2008);
insert into COM values (10688,83,1794,2000);
insert into COM values (10689,5,80,2000);
insert into COM values (10690,34,94,2005);
insert into COM values (10691,63,4860,2000);
insert into COM values (10692,1,366,2001);
insert into COM values (10693,89,836,2006);
insert into COM values (10694,63,2390,2001);
insert into COM values (10695,90,100,2007);
insert into COM values (10696,89,615,2007);
insert into COM values (10697,47,273,2004);
insert into COM values (10698,20,1634,2003);
insert into COM values (10699,52,3,2006);
insert into COM values (10700,71,390,2008);
insert into COM values (10701,37,1321,2004);
insert into COM values (10702,1,143,2002);
insert into COM values (10703,24,913,2000);
insert into COM values (10704,62,28,2005);
insert into COM values (10705,35,21,2002);
insert into COM values (10706,55,813,2004);
insert into COM values (10707,4,130,2008);
insert into COM values (10708,77,17,2007);
insert into COM values (10709,31,1264,2003);
insert into COM values (10710,27,29,2000);
insert into COM values (10711,71,314,2001);
insert into COM values (10712,37,539,2001);
insert into COM values (10713,71,1002,2004);
insert into COM values (10714,71,146,2004);
insert into COM values (10715,9,379,2007);
insert into COM values (10716,64,135,2008);
insert into COM values (10717,25,355,2005);
insert into COM values (10718,39,1025,2009);
insert into COM values (10719,45,308,2008);
insert into COM values (10720,61,57,2002);
insert into COM values (10721,63,293,2009);
insert into COM values (10722,71,447,2000);
insert into COM values (10723,89,130,2005);
insert into COM values (10724,51,346,2001);
insert into COM values (10725,21,64,2004);
insert into COM values (10726,19,99,2007);
insert into COM values (10727,66,539,2002);
insert into COM values (10728,62,349,2004);
insert into COM values (10729,47,846,2008);
insert into COM values (10730,9,120,2006);
insert into COM values (10731,14,579,2000);
insert into COM values (10732,9,101,2006);
insert into COM values (10733,5,660,2009);
insert into COM values (10734,31,9,2006);
insert into COM values (10735,45,275,2004);
insert into COM values (10736,37,264,2005);
insert into COM values (10737,85,46,2001);
insert into COM values (10738,74,17,2009);
insert into COM values (10739,85,66,2001);
insert into COM values (10740,89,491,2009);
insert into COM values (10741,4,65,2004);
insert into COM values (10742,10,1462,2006);
insert into COM values (10743,4,142,2004);
insert into COM values (10744,83,415,2009);
insert into COM values (10745,63,21,2001);
insert into COM values (10746,14,188,2008);
insert into COM values (10747,59,703,2002);
insert into COM values (10748,71,1395,2001);
insert into COM values (10749,38,369,2005);
insert into COM values (10750,87,475,2005);
insert into COM values (10751,68,784,2004);
insert into COM values (10752,53,8,2001);
insert into COM values (10753,27,46,2000);
insert into COM values (10754,49,14,2005);
insert into COM values (10755,9,100,2002);
insert into COM values (10756,75,439,2009);
insert into COM values (10757,71,49,2001);
insert into COM values (10758,68,829,2003);
insert into COM values (10759,2,71,2006);
insert into COM values (10760,50,933,2001);
insert into COM values (10761,65,111,2006);
insert into COM values (10762,24,1972,2005);
insert into COM values (10763,23,224,2008);
insert into COM values (10764,20,872,2007);
insert into COM values (10765,63,256,2007);
insert into COM values (10766,56,945,2007);
insert into COM values (10767,76,9,2006);
insert into COM values (10768,4,877,2000);
insert into COM values (10769,83,390,2009);
insert into COM values (10770,34,31,2006);
insert into COM values (10771,20,67,2001);
insert into COM values (10772,44,547,2005);
insert into COM values (10773,20,578,2008);
insert into COM values (10774,24,289,2009);
insert into COM values (10775,78,121,2008);
insert into COM values (10776,20,2109,2009);
insert into COM values (10777,31,18,2006);
insert into COM values (10778,5,40,2005);
insert into COM values (10779,52,348,2005);
insert into COM values (10780,46,252,2005);
insert into COM values (10781,87,438,2004);
insert into COM values (10782,12,6,2000);
insert into COM values (10783,34,749,2008);
insert into COM values (10784,49,420,2005);
insert into COM values (10785,33,9,2006);
insert into COM values (10786,62,665,2000);
insert into COM values (10787,41,1499,2000);
insert into COM values (10788,63,256,2009);
insert into COM values (10789,23,603,2005);
insert into COM values (10790,31,169,2007);
insert into COM values (10791,25,101,2001);
insert into COM values (10792,91,142,2005);
insert into COM values (10793,4,27,2009);
insert into COM values (10794,61,128,2000);
insert into COM values (10795,20,759,2006);
insert into COM values (10796,35,159,2007);
insert into COM values (10797,17,200,2000);
insert into COM values (10798,38,13,2001);
insert into COM values (10799,39,184,2001);
insert into COM values (10800,72,824,2009);
insert into COM values (10801,8,582,2009);
insert into COM values (10802,73,1543,2006);
insert into COM values (10803,88,331,2007);
insert into COM values (10804,72,163,2005);
insert into COM values (10805,77,1424,2007);
insert into COM values (10806,84,132,2003);
insert into COM values (10807,27,8,2004);
insert into COM values (10808,55,273,2009);
insert into COM values (10809,88,29,2008);
insert into COM values (10810,42,25,2004);
insert into COM values (10811,47,187,2003);
insert into COM values (10812,66,358,2005);
insert into COM values (10813,67,284,2009);
insert into COM values (10814,84,785,2008);
insert into COM values (10815,71,87,2006);
insert into COM values (10816,32,4318,2005);
insert into COM values (10817,39,1836,2006);
insert into COM values (10818,49,392,2008);
insert into COM values (10819,12,118,2002);
insert into COM values (10820,65,225,2009);
insert into COM values (10821,75,220,2005);
insert into COM values (10822,82,42,2005);
insert into COM values (10823,46,983,2001);
insert into COM values (10824,24,7,2009);
insert into COM values (10825,17,475,2001);
insert into COM values (10826,7,42,2000);
insert into COM values (10827,9,381,2001);
insert into COM values (10828,64,545,2002);
insert into COM values (10829,38,928,2004);
insert into COM values (10830,81,490,2001);
insert into COM values (10831,70,433,2007);
insert into COM values (10832,41,259,2006);
insert into COM values (10833,56,428,2005);
insert into COM values (10834,81,178,2004);
insert into COM values (10835,1,417,2003);
insert into COM values (10836,20,2471,2005);
insert into COM values (10837,5,79,2006);
insert into COM values (10838,47,355,2009);
insert into COM values (10839,81,212,2003);
insert into COM values (10840,47,16,2002);
insert into COM values (10841,76,2545,2001);
insert into COM values (10842,80,326,2007);
insert into COM values (10843,84,55,2003);
insert into COM values (10844,59,151,2005);
insert into COM values (10845,63,1277,2001);
insert into COM values (10846,76,338,2000);
insert into COM values (10847,71,2925,2009);
insert into COM values (10848,16,229,2004);
insert into COM values (10849,39,3,2006);
insert into COM values (10850,84,295,2000);
insert into COM values (10851,67,963,2000);
insert into COM values (10852,65,1044,2002);
insert into COM values (10853,6,322,2003);
insert into COM values (10854,20,601,2009);
insert into COM values (10855,55,1025,2004);
insert into COM values (10856,3,350,2001);
insert into COM values (10857,5,1133,2006);
insert into COM values (10858,40,315,2007);
insert into COM values (10859,25,456,2002);
insert into COM values (10860,26,115,2007);
insert into COM values (10861,89,89,2008);
insert into COM values (10862,44,319,2004);
insert into COM values (10863,35,181,2002);
insert into COM values (10864,4,18,2003);
insert into COM values (10865,63,2088,2000);
insert into COM values (10866,5,654,2006);
insert into COM values (10867,48,11,2000);
insert into COM values (10868,62,1147,2000);
insert into COM values (10869,72,859,2008);
insert into COM values (10870,91,72,2007);
insert into COM values (10871,9,673,2006);
insert into COM values (10872,30,1051,2008);
insert into COM values (10873,90,4,2004);
insert into COM values (10874,30,117,2001);
insert into COM values (10875,5,194,2007);
insert into COM values (10876,9,362,2000);
insert into COM values (10877,67,228,2007);
insert into COM values (10878,63,280,2001);
insert into COM values (10879,90,51,2006);
insert into COM values (10880,24,528,2002);
insert into COM values (10881,12,17,2006);
insert into COM values (10882,71,138,2000);
insert into COM values (10883,48,3,2008);
insert into COM values (10884,45,545,2004);
insert into COM values (10885,76,33,2002);
insert into COM values (10886,34,29,2005);
insert into COM values (10887,29,7,2001);
insert into COM values (10888,30,311,2003);
insert into COM values (10889,65,1683,2003);
insert into COM values (10890,18,196,2004);
insert into COM values (10891,44,122,2000);
insert into COM values (10892,50,721,2002);
insert into COM values (10893,39,466,2006);
insert into COM values (10894,71,696,2005);
insert into COM values (10895,20,976,2008);
insert into COM values (10896,50,194,2003);
insert into COM values (10897,37,3621,2008);
insert into COM values (10898,54,7,2009);
insert into COM values (10899,46,7,2007);
insert into COM values (10900,88,9,2000);
insert into COM values (10901,35,372,2002);
insert into COM values (10902,24,264,2003);
insert into COM values (10903,34,220,2008);
insert into COM values (10904,89,977,2007);
insert into COM values (10905,88,82,2006);
insert into COM values (10906,91,157,2005);
insert into COM values (10907,74,55,2007);
insert into COM values (10908,66,197,2009);
insert into COM values (10909,70,318,2005);
insert into COM values (10910,90,228,2005);
insert into COM values (10911,30,229,2005);
insert into COM values (10912,37,3485,2007);
insert into COM values (10913,62,198,2008);
insert into COM values (10914,62,127,2004);
insert into COM values (10915,80,21,2007);
insert into COM values (10916,64,382,2007);
insert into COM values (10917,69,49,2000);
insert into COM values (10918,10,292,2006);
insert into COM values (10919,47,118,2000);
insert into COM values (10920,4,177,2008);
insert into COM values (10921,83,1058,2006);
insert into COM values (10922,34,376,2009);
insert into COM values (10923,41,409,2005);
insert into COM values (10924,5,909,2004);
insert into COM values (10925,34,13,2009);
insert into COM values (10926,2,239,2007);
insert into COM values (10927,40,118,2005);
insert into COM values (10928,29,8,2009);
insert into COM values (10929,25,203,2009);
insert into COM values (10930,76,93,2003);
insert into COM values (10931,68,81,2004);
insert into COM values (10932,9,807,2007);
insert into COM values (10933,38,324,2002);
insert into COM values (10934,44,192,2008);
insert into COM values (10935,88,285,2006);
insert into COM values (10936,32,202,2006);
insert into COM values (10937,12,189,2008);
insert into COM values (10938,63,191,2006);
insert into COM values (10939,49,457,2003);
insert into COM values (10940,9,118,2002);
insert into COM values (10941,71,2404,2008);
insert into COM values (10942,66,107,2003);
insert into COM values (10943,11,13,2006);
insert into COM values (10944,10,317,2002);
insert into COM values (10945,52,61,2007);
insert into COM values (10946,83,163,2002);
insert into COM values (10947,11,19,2008);
insert into COM values (10948,30,140,2004);
insert into COM values (10949,10,446,2000);
insert into COM values (10950,49,15,2004);
insert into COM values (10951,68,185,2002);
insert into COM values (10952,1,242,2009);
insert into COM values (10953,4,142,2004);
insert into COM values (10954,47,167,2008);
insert into COM values (10955,24,19,2003);
insert into COM values (10956,6,267,2003);
insert into COM values (10957,35,632,2009);
insert into COM values (10958,54,297,2001);
insert into COM values (10959,31,29,2003);
insert into COM values (10960,35,12,2008);
insert into COM values (10961,62,626,2002);
insert into COM values (10962,63,1654,2007);
insert into COM values (10963,28,16,2008);
insert into COM values (10964,74,524,2007);
insert into COM values (10965,55,866,2009);
insert into COM values (10966,14,163,2002);
insert into COM values (10967,79,373,2007);
insert into COM values (10968,20,447,2000);
insert into COM values (10969,15,1,2006);
insert into COM values (10970,8,96,2000);
insert into COM values (10971,26,730,2003);
insert into COM values (10972,40,0,2008);
insert into COM values (10973,40,91,2007);
insert into COM values (10974,75,77,2002);
insert into COM values (10975,10,193,2005);
insert into COM values (10976,35,227,2007);
insert into COM values (10977,24,1251,2003);
insert into COM values (10978,50,196,2009);
insert into COM values (10979,20,2118,2001);
insert into COM values (10980,24,7,2001);
insert into COM values (10981,34,1160,2004);
insert into COM values (10982,10,84,2004);
insert into COM values (10983,71,3945,2006);
insert into COM values (10984,71,1267,2005);
insert into COM values (10985,37,549,2009);
insert into COM values (10986,54,1307,2006);
insert into COM values (10987,19,1112,2009);
insert into COM values (10988,65,366,2008);
insert into COM values (10989,61,208,2002);
insert into COM values (10990,20,705,2003);
insert into COM values (10991,63,231,2007);
insert into COM values (10992,77,25,2006);
insert into COM values (10993,24,52,2007);
insert into COM values (10994,83,393,2004);
insert into COM values (10995,58,276,2000);
insert into COM values (10996,63,6,2006);
insert into COM values (10997,46,443,2008);
insert into COM values (10998,91,121,2008);
insert into COM values (10999,56,578,2001);
insert into COM values (11000,65,330,2009);
insert into COM values (11001,24,1183,2008);
insert into COM values (11002,71,846,2008);
insert into COM values (11003,78,89,2006);
insert into COM values (11004,50,269,2009);
insert into COM values (11005,90,4,2002);
insert into COM values (11006,32,151,2000);
insert into COM values (11007,60,1213,2005);
insert into COM values (11008,20,476,2009);
insert into COM values (11009,30,354,2001);
insert into COM values (11010,66,172,2001);
insert into COM values (11011,1,7,2003);
insert into COM values (11012,25,1457,2003);
insert into COM values (11013,69,197,2001);
insert into COM values (11014,47,141,2004);
insert into COM values (11015,70,27,2006);
insert into COM values (11016,4,202,2006);
insert into COM values (11017,20,4525,2004);
insert into COM values (11018,48,69,2003);
insert into COM values (11019,64,19,2007);
insert into COM values (11020,56,259,2002);
insert into COM values (11021,63,1783,2009);
insert into COM values (11022,34,37,2000);
insert into COM values (11023,11,742,2006);
insert into COM values (11024,19,446,2008);
insert into COM values (11025,87,175,2007);
insert into COM values (11026,27,282,2005);
insert into COM values (11027,10,315,2009);
insert into COM values (11028,39,177,2000);
insert into COM values (11029,14,287,2006);
insert into COM values (11030,71,4984,2000);
insert into COM values (11031,71,1363,2001);
insert into COM values (11032,89,3637,2003);
insert into COM values (11033,68,508,2001);
insert into COM values (11034,55,241,2007);
insert into COM values (11035,76,1,2001);
insert into COM values (11036,17,896,2004);
insert into COM values (11037,30,19,2002);
insert into COM values (11038,76,177,2008);
insert into COM values (11039,47,390,2000);
insert into COM values (11040,32,113,2005);
insert into COM values (11041,14,289,2000);
insert into COM values (11042,15,179,2004);
insert into COM values (11043,74,52,2008);
insert into COM values (11044,91,52,2002);
insert into COM values (11045,10,423,2006);
insert into COM values (11046,86,429,2002);
insert into COM values (11047,19,279,2009);
insert into COM values (11048,10,144,2008);
insert into COM values (11049,31,50,2007);
insert into COM values (11050,24,356,2001);
insert into COM values (11051,41,16,2005);
insert into COM values (11052,34,403,2008);
insert into COM values (11053,59,318,2007);
insert into COM values (11054,12,1,2004);
insert into COM values (11055,35,725,2009);
insert into COM values (11056,19,1673,2001);
insert into COM values (11057,53,24,2000);
insert into COM values (11058,6,186,2003);
insert into COM values (11059,67,514,2005);
insert into COM values (11060,27,65,2009);
insert into COM values (11061,32,84,2000);
insert into COM values (11062,66,179,2005);
insert into COM values (11063,37,490,2005);
insert into COM values (11064,71,180,2000);
insert into COM values (11065,46,77,2003);
insert into COM values (11066,89,268,2004);
insert into COM values (11067,17,47,2003);
insert into COM values (11068,62,490,2001);
insert into COM values (11069,80,94,2004);
insert into COM values (11070,44,816,2005);
insert into COM values (11071,46,5,2002);
insert into COM values (11072,20,1551,2005);
insert into COM values (11073,58,149,2002);
insert into COM values (11074,73,110,2001);
insert into COM values (11075,68,37,2004);
insert into COM values (11076,9,229,2004);
insert into COM values (11077,65,51,2000);


insert into FOU values (1,'Exotic','Allemagne','1019168842');
insert into FOU values (2,'New','Argentine','1040635384');
insert into FOU values (3,'Grandma','Autriche','1409076845');
insert into FOU values (4,'Tokyo','Belgique','1840982385');
insert into FOU values (5,'Cooperativa','Brisil','1872198482');
insert into FOU values (6,'Mayumis','Canada','1874726623');
insert into FOU values (7,'Pavlova,','Danemark','1965245844');
insert into FOU values (8,'Specialty','Espagne','2159142555');
insert into FOU values (9,'PB','Etats-Unis','2293907428');
insert into FOU values (10,'Refrescos','Finlande','2366800376');
insert into FOU values (11,'Heli','France','2440898090');
insert into FOU values (12,'Plusspar','Irlande','2600580517');
insert into FOU values (13,'Nord-Ost-Fisch','Italie','2602166812');
insert into FOU values (14,'Formaggi','Mexique','2609838885');
insert into FOU values (15,'Norske','Allemagne','2622798812');
insert into FOU values (16,'Bigfoot','Argentine','2627944625');
insert into FOU values (17,'Svensk','Autriche','2819391872');
insert into FOU values (18,'Aux','Belgique','3078446179');
insert into FOU values (19,'New','Brisil','1019168842');
insert into FOU values (20,'Leka','Canada','1040635384');
insert into FOU values (21,'Lyngbysild','Danemark','1409076845');
insert into FOU values (22,'Zaanse','Espagne','1840982385');
insert into FOU values (23,'Karkki','Etats-Unis','1872198482');
insert into FOU values (24,'Gday,','Finlande','1874726623');
insert into FOU values (25,'Ma','France','1965245844');
insert into FOU values (26,'Pasta','Irlande','2159142555');
insert into FOU values (27,'Escargots','Italie','2293907428');
insert into FOU values (28,'Gai','Mexique','2366800376');
insert into FOU values (29,'Forjts','Norvhge','2440898090');
insert into PRO values (1,1,'Chai','A',90);
insert into PRO values (2,1,'Chang','B',95);
insert into PRO values (3,1,'Aniseed','C',50);
insert into PRO values (4,2,'Chef','D',110);
insert into PRO values (5,5,'Chef','C',106);
insert into PRO values (6,3,'Grandmas','E',125);
insert into PRO values (7,3,'Uncle','D',150);
insert into PRO values (8,3,'Northwoods','B',200);
insert into PRO values (9,4,'Mishi','A',485);
insert into PRO values (10,4,'Ikura','D',155);
insert into PRO values (11,5,'Queso','C',105);
insert into PRO values (12,5,'Queso','E',190);
insert into PRO values (13,6,'Konbu','D',30);
insert into PRO values (14,6,'Tofu','C',116);
insert into PRO values (15,6,'Genen','E',77);
insert into PRO values (16,7,'Pavlova','A',87);
insert into PRO values (17,24,'Alice','D',195);
insert into PRO values (18,7,'Carnarvon','C',312);
insert into PRO values (19,8,'Teatime','E',46);
insert into PRO values (20,8,'Sir','D',405);
insert into PRO values (21,8,'Sir','B',50);
insert into PRO values (22,12,'Gustafs','C',105);
insert into PRO values (23,9,'Tunnbrvd','D',45);
insert into PRO values (24,10,'Guarana','E',22);
insert into PRO values (25,11,'NuNuCa','A',70);
insert into PRO values (26,11,'Gumbdr','D',156);
insert into PRO values (27,11,'Schoggi','E',219);
insert into PRO values (28,12,'Rvssle','C',228);
insert into PRO values (29,12,'Th|ringer','B',618);
insert into PRO values (30,13,'Nord-Ost','E',129);
insert into PRO values (31,14,'Gorgonzola','D',62);
insert into PRO values (32,14,'Mascarpone','A',160);
insert into PRO values (33,15,'Geitost','C',12);
insert into PRO values (34,16,'Sasquatch','B',70);
insert into PRO values (35,16,'Steeleye','E',90);
insert into PRO values (36,17,'Inlagd','D',95);
insert into PRO values (37,17,'Gravad','C',130);
insert into PRO values (38,18,'Ctte','A',890);
insert into PRO values (39,18,'Chartreuse','D',90);
insert into PRO values (40,19,'Boston','E',92);
insert into PRO values (41,19,'Jacks','C',48);
insert into PRO values (42,13,'Singaporean','B',70);
insert into PRO values (43,20,'Ipoh','D',230);
insert into PRO values (44,20,'Gula','C',97);
insert into PRO values (45,21,'Rxgede','C',47);
insert into PRO values (46,21,'Spegesild','C',60);
insert into PRO values (47,22,'Zaanse','D',47);
insert into PRO values (48,22,'Chocolade','E',63);
insert into PRO values (49,23,'Maxilaku','C',100);
insert into PRO values (50,23,'Valkoinen','C',81);
insert into PRO values (51,24,'Manjimup','C',265);
insert into PRO values (52,24,'Filo','C',35);
insert into PRO values (53,24,'Perth','C',164);
insert into PRO values (54,25,'Tourtihre','C',37);
insert into PRO values (55,25,'Pbti','C',120);
insert into PRO values (56,26,'Gnocchi','C',190);
insert into PRO values (57,26,'Ravioli','C',97);
insert into PRO values (58,27,'Escargots','C',66);
insert into PRO values (59,28,'Raclette','C',275);
insert into PRO values (60,28,'Camembert','C',170);
insert into PRO values (61,29,'Maple','C',142);
insert into PRO values (62,29,'Sugar','C',246);
insert into PRO values (63,16,'Vegie-spread','C',219);
insert into PRO values (64,12,'Wimmers','C',166);
insert into PRO values (65,2,'Louisiana','C',105);
insert into PRO values (66,2,'Louisiana','C',85);
insert into PRO values (67,16,'Laughing','C',70);
insert into PRO values (68,8,'Scottish','E',62);
insert into PRO values (69,15,'Gudbrandsdalsost','A',180);
insert into PRO values (70,7,'Outback','A',75);
insert into PRO values (71,15,'Flxtemysost','A',107);
insert into PRO values (72,14,'Mozzarella','A',174);
insert into PRO values (73,17,'Rvd','A',75);
insert into PRO values (74,4,'Longlife','A',50);
insert into PRO values (75,12,'Rhvnbrdu','A',38);
insert into PRO values (76,23,'Lakkalikvvri','B',90);
insert into PRO values (77,12,'Original','B',65);
insert into DET values (10000,31,4,1);
insert into DET values (10001,1,30,1);
insert into DET values (10001,40,40,1);
insert into DET values (10001,59,8,1);
insert into DET values (10001,64,1,1);
insert into DET values (10002,31,35,1);
insert into DET values (10002,39,18,1);
insert into DET values (10002,71,1,1);
insert into DET values (10003,18,12,1);
insert into DET values (10004,29,35,1);
insert into DET values (10004,63,6,1);
insert into DET values (10005,62,6,1);
insert into DET values (10006,13,1,1);
insert into DET values (10006,50,4,1);
insert into DET values (10007,12,4,1);
insert into DET values (10007,53,30,1);
insert into DET values (10007,63,1,1);
insert into DET values (10008,14,1,1);
insert into DET values (10008,21,1,1);
insert into DET values (10008,51,1,1);
insert into DET values (10009,23,70,1);
insert into DET values (10009,51,30,1);
insert into DET values (10010,43,1,1);
insert into DET values (10010,71,1,1);
insert into DET values (10011,18,12,1);
insert into DET values (10011,19,1,5);
insert into DET values (10011,36,1,1);
insert into DET values (10012,19,49,5);
insert into DET values (10012,35,30,1);
insert into DET values (10012,40,30,1);
insert into DET values (10013,41,50,1);
insert into DET values (10013,43,7,1);
insert into DET values (10014,18,4,1);
insert into DET values (10014,41,3,1);
insert into DET values (10015,11,60,1);
insert into DET values (10015,24,1,1);
insert into DET values (10015,41,1,1);
insert into DET values (10015,73,1,1);
insert into DET values (10015,74,1,1);
insert into DET values (10016,61,1,1);
insert into DET values (10016,62,50,1);
insert into DET values (10016,68,1,1);
insert into DET values (10017,46,30,1);
insert into DET values (10017,64,30,1);
insert into DET values (10017,75,40,1);
insert into DET values (10018,11,70,1);
insert into DET values (10018,50,1,1);
insert into DET values (10019,75,1,1);
insert into DET values (10020,8,1,1);
insert into DET values (10020,16,14,1);
insert into DET values (10021,1,60,1);
insert into DET values (10021,33,50,1);
insert into DET values (10021,36,36,1);
insert into DET values (10021,71,5,1);
insert into DET values (10022,21,40,1);
insert into DET values (10022,49,1,1);
insert into DET values (10022,50,1,1);
insert into DET values (10022,56,4,1);
insert into DET values (10023,36,1,1);
insert into DET values (10023,41,1,1);
insert into DET values (10023,71,3,1);
insert into DET values (10024,43,1,1);
insert into DET values (10024,53,1,1);
insert into DET values (10024,56,60,1);
insert into DET values (10025,16,1,1);
insert into DET values (10025,28,2,1);
insert into DET values (10026,68,2,1);
insert into DET values (10027,41,40,1);
insert into DET values (10027,60,50,1);
insert into DET values (10027,64,40,1);
insert into DET values (10027,65,80,1);
insert into DET values (10028,18,1,1);
insert into DET values (10028,68,12,1);
insert into DET values (10029,11,1,1);
insert into DET values (10029,16,5,1);
insert into DET values (10029,75,4,1);
insert into DET values (10030,5,30,1);
insert into DET values (10030,11,8,1);
insert into DET values (10030,31,1,1);
insert into DET values (10030,43,6,1);
insert into DET values (10031,71,1,1);
insert into DET values (10031,72,30,1);
insert into DET values (10032,13,1,1);
insert into DET values (10032,24,1,1);
insert into DET values (10033,72,35,1);
insert into DET values (10034,6,18,1);
insert into DET values (10034,26,21,1);
insert into DET values (10035,1,50,1);
insert into DET values (10035,11,35,1);
insert into DET values (10035,34,30,1);
insert into DET values (10035,41,40,1);
insert into DET values (10036,51,1,1);
insert into DET values (10036,52,8,1);
insert into DET values (10036,53,12,1);
insert into DET values (10037,2,1,1);
insert into DET values (10037,28,12,1);
insert into DET values (10038,29,4,1);
insert into DET values (10038,36,8,1);
insert into DET values (10038,57,30,1);
insert into DET values (10038,76,9,1);
insert into DET values (10039,62,1,1);
insert into DET values (10040,30,60,10);
insert into DET values (10040,56,35,1);
insert into DET values (10041,42,1,1);
insert into DET values (10041,47,1,1);
insert into DET values (10041,55,30,1);
insert into DET values (10042,13,1,1);
insert into DET values (10042,41,1,1);
insert into DET values (10042,44,30,1);
insert into DET values (10042,51,1,1);
insert into DET values (10043,1,40,1);
insert into DET values (10043,29,1,1);
insert into DET values (10044,7,28,1);
insert into DET values (10044,72,21,1);
insert into DET values (10044,77,9,1);
insert into DET values (10045,17,30,1);
insert into DET values (10045,24,16,1);
insert into DET values (10045,49,1,1);
insert into DET values (10045,60,5,1);
insert into DET values (10046,2,12,1);
insert into DET values (10046,27,2,5);
insert into DET values (10047,11,4,1);
insert into DET values (10047,19,1,5);
insert into DET values (10047,52,5,1);
insert into DET values (10047,73,2,1);
insert into DET values (10048,36,50,1);
insert into DET values (10049,7,1,1);
insert into DET values (10050,16,14,1);
insert into DET values (10050,52,1,1);
insert into DET values (10050,58,50,1);
insert into DET values (10050,77,1,1);
insert into DET values (10051,13,30,1);
insert into DET values (10051,26,30,1);
insert into DET values (10051,56,1,1);
insert into DET values (10052,16,1,1);
insert into DET values (10052,60,90,1);
insert into DET values (10052,75,90,1);
insert into DET values (10053,53,12,1);
insert into DET values (10053,55,2,1);
insert into DET values (10053,75,40,1);
insert into DET values (10054,71,30,1);
insert into DET values (10054,72,12,1);
insert into DET values (10055,8,18,1);
insert into DET values (10055,51,1,1);
insert into DET values (10056,26,50,1);
insert into DET values (10056,63,8,1);
insert into DET values (10057,58,3,1);
insert into DET values (10057,74,4,1);
insert into DET values (10058,12,12,1);
insert into DET values (10058,41,70,1);
insert into DET values (10058,54,30,1);
insert into DET values (10058,61,30,1);
insert into DET values (10058,62,3,1);
insert into DET values (10059,19,1,5);
insert into DET values (10059,24,24,1);
insert into DET values (10059,72,4,1);
insert into DET values (10060,16,28,1);
insert into DET values (10060,70,50,1);
insert into DET values (10060,75,12,1);
insert into DET values (10061,66,12,1);
insert into DET values (10062,5,8,1);
insert into DET values (10062,51,12,1);
insert into DET values (10062,55,1,1);
insert into DET values (10063,41,32,1);
insert into DET values (10063,69,24,1);
insert into DET values (10063,75,40,1);
insert into DET values (10064,24,12,1);
insert into DET values (10064,54,1,1);
insert into DET values (10064,64,5,1);
insert into DET values (10064,70,12,1);
insert into DET values (10065,1,55,1);
insert into DET values (10065,19,42,5);
insert into DET values (10066,31,8,1);
insert into DET values (10066,41,1,1);
insert into DET values (10066,54,9,1);
insert into DET values (10067,11,1,1);
insert into DET values (10067,31,1,1);
insert into DET values (10067,70,5,1);
insert into DET values (10068,2,1,1);
insert into DET values (10068,34,1,1);
insert into DET values (10069,21,30,1);
insert into DET values (10069,46,6,1);
insert into DET values (10070,7,8,1);
insert into DET values (10070,24,30,1);
insert into DET values (10070,43,1,1);
insert into DET values (10071,1,1,1);
insert into DET values (10071,29,42,1);
insert into DET values (10071,54,14,1);
insert into DET values (10072,16,1,1);
insert into DET values (10072,18,30,1);
insert into DET values (10072,26,18,1);
insert into DET values (10072,45,35,1);
insert into DET values (10073,53,60,1);
insert into DET values (10073,64,35,1);
insert into DET values (10074,8,1,1);
insert into DET values (10074,24,1,1);
insert into DET values (10074,41,30,1);
insert into DET values (10074,42,60,1);
insert into DET values (10075,9,21,1);
insert into DET values (10075,14,1,1);
insert into DET values (10075,62,2,1);
insert into DET values (10076,40,7,1);
insert into DET values (10077,1,28,1);
insert into DET values (10077,31,1,1);
insert into DET values (10078,41,7,1);
insert into DET values (10078,51,24,1);
insert into DET values (10078,60,8,1);
insert into DET values (10079,23,30,1);
insert into DET values (10079,47,18,1);
insert into DET values (10079,60,1,1);
insert into DET values (10080,2,30,1);
insert into DET values (10080,12,60,1);
insert into DET values (10080,30,24,10);
insert into DET values (10081,30,1,10);
insert into DET values (10081,65,1,1);
insert into DET values (10081,70,1,1);
insert into DET values (10082,11,21,1);
insert into DET values (10082,47,1,1);
insert into DET values (10082,70,40,1);
insert into DET values (10082,77,1,1);
insert into DET values (10083,2,28,1);
insert into DET values (10083,16,30,1);
insert into DET values (10083,19,1,5);
insert into DET values (10083,73,3,1);
insert into DET values (10084,2,1,1);
insert into DET values (10084,14,9,1);
insert into DET values (10084,54,1,1);
insert into DET values (10084,60,1,1);
insert into DET values (10085,41,30,1);
insert into DET values (10085,61,1,1);
insert into DET values (10085,71,1,1);
insert into DET values (10086,8,5,1);
insert into DET values (10086,38,1,1);
insert into DET values (10087,24,21,1);
insert into DET values (10087,34,1,1);
insert into DET values (10087,60,35,1);
insert into DET values (10088,13,30,1);
insert into DET values (10088,34,4,1);
insert into DET values (10089,1,4,1);
insert into DET values (10089,42,5,1);
insert into DET values (10089,45,1,1);
insert into DET values (10090,1,9,1);
insert into DET values (10090,4,1,1);
insert into DET values (10090,16,30,1);
insert into DET values (10090,73,1,1);
insert into DET values (10091,24,60,1);
insert into DET values (10091,26,12,1);
insert into DET values (10091,38,70,1);
insert into DET values (10092,19,1,5);
insert into DET values (10092,31,1,1);
insert into DET values (10092,34,21,1);
insert into DET values (10093,17,4,1);
insert into DET values (10093,21,1,1);
insert into DET values (10093,30,1,10);
insert into DET values (10093,53,40,1);
insert into DET values (10094,8,35,1);
insert into DET values (10094,13,28,1);
insert into DET values (10094,19,35,5);
insert into DET values (10094,26,24,1);
insert into DET values (10094,28,1,1);
insert into DET values (10095,26,1,1);
insert into DET values (10095,35,1,1);
insert into DET values (10095,55,1,1);
insert into DET values (10095,68,5,1);
insert into DET values (10096,2,30,1);
insert into DET values (10096,12,60,1);
insert into DET values (10096,29,35,1);
insert into DET values (10097,29,1,1);
insert into DET values (10097,52,12,1);
insert into DET values (10097,59,60,1);
insert into DET values (10097,64,35,1);
insert into DET values (10098,7,1,1);
insert into DET values (10098,32,40,1);
insert into DET values (10098,36,21,1);
insert into DET values (10098,53,45,1);
insert into DET values (10098,56,55,1);
insert into DET values (10098,59,9,1);
insert into DET values (10099,35,4,1);
insert into DET values (10099,51,24,1);
insert into DET values (10100,22,5,1);
insert into DET values (10100,29,1,1);
insert into DET values (10100,76,2,1);
insert into DET values (10101,1,8,1);
insert into DET values (10101,72,1,1);
insert into DET values (10102,13,1,1);
insert into DET values (10102,29,1,1);
insert into DET values (10102,39,5,1);
insert into DET values (10102,59,14,1);
insert into DET values (10103,36,1,1);
insert into DET values (10103,38,1,1);
insert into DET values (10104,2,70,1);
insert into DET values (10104,13,35,1);
insert into DET values (10104,52,3,1);
insert into DET values (10104,76,30,1);
insert into DET values (10105,28,50,1);
insert into DET values (10105,47,1,1);
insert into DET values (10106,21,1,1);
insert into DET values (10106,59,1,1);
insert into DET values (10107,3,1,1);
insert into DET values (10107,34,1,1);
insert into DET values (10107,64,1,1);
insert into DET values (10107,68,50,1);
insert into DET values (10108,53,1,1);
insert into DET values (10108,71,50,1);
insert into DET values (10109,42,70,1);
insert into DET values (10109,68,70,1);
insert into DET values (10109,70,24,1);
insert into DET values (10109,75,1,1);
insert into DET values (10110,1,8,1);
insert into DET values (10110,24,30,1);
insert into DET values (10110,55,1,1);
insert into DET values (10110,72,14,1);
insert into DET values (10111,62,30,1);
insert into DET values (10112,35,1,1);
insert into DET values (10113,18,1,1);
insert into DET values (10113,35,21,1);
insert into DET values (10114,11,4,1);
insert into DET values (10114,41,12,1);
insert into DET values (10114,71,1,1);
insert into DET values (10115,56,8,1);
insert into DET values (10115,57,8,1);
insert into DET values (10115,77,5,1);
insert into DET values (10116,24,7,1);
insert into DET values (10116,36,1,1);
insert into DET values (10116,54,70,1);
insert into DET values (10116,55,1,1);
insert into DET values (10117,4,1,1);
insert into DET values (10117,62,2,1);
insert into DET values (10117,77,28,1);
insert into DET values (10118,38,30,1);
insert into DET values (10118,39,42,1);
insert into DET values (10118,59,4,1);
insert into DET values (10118,64,18,1);
insert into DET values (10119,22,1,1);
insert into DET values (10119,44,1,1);
insert into DET values (10120,32,1,1);
insert into DET values (10120,49,4,1);
insert into DET values (10121,27,30,5);
insert into DET values (10121,55,1,1);
insert into DET values (10122,1,2,1);
insert into DET values (10123,1,36,1);
insert into DET values (10123,18,35,1);
insert into DET values (10123,53,40,1);
insert into DET values (10124,17,7,1);
insert into DET values (10124,32,24,1);
insert into DET values (10124,52,60,1);
insert into DET values (10125,8,4,1);
insert into DET values (10125,24,30,1);
insert into DET values (10126,3,28,1);
insert into DET values (10126,46,1,1);
insert into DET values (10126,59,1,1);
insert into DET values (10127,6,5,1);
insert into DET values (10127,71,5,1);
insert into DET values (10128,21,60,1);
insert into DET values (10128,22,2,1);
insert into DET values (10128,54,18,1);
insert into DET values (10129,62,1,1);
insert into DET values (10130,34,12,1);
insert into DET values (10130,72,30,1);
insert into DET values (10130,75,30,1);
insert into DET values (10131,42,50,1);
insert into DET values (10131,50,40,1);
insert into DET values (10131,60,60,1);
insert into DET values (10132,12,1,1);
insert into DET values (10132,28,1,1);
insert into DET values (10132,30,1,10);
insert into DET values (10132,53,30,1);
insert into DET values (10133,31,21,1);
insert into DET values (10133,38,12,1);
insert into DET values (10133,56,12,1);
insert into DET values (10134,52,1,1);
insert into DET values (10135,39,5,1);
insert into DET values (10136,18,24,1);
insert into DET values (10137,13,1,1);
insert into DET values (10137,68,1,1);
insert into DET values (10137,72,1,1);
insert into DET values (10138,36,12,1);
insert into DET values (10138,66,12,1);
insert into DET values (10139,60,1,1);
insert into DET values (10140,31,40,1);
insert into DET values (10141,27,50,5);
insert into DET values (10141,60,50,1);
insert into DET values (10142,4,1,1);
insert into DET values (10142,45,1,1);
insert into DET values (10143,35,12,1);
insert into DET values (10143,41,50,1);
insert into DET values (10144,1,1,1);
insert into DET values (10144,24,35,1);
insert into DET values (10144,53,1,1);
insert into DET values (10144,72,4,1);
insert into DET values (10145,1,8,1);
insert into DET values (10145,34,12,1);
insert into DET values (10145,55,1,1);
insert into DET values (10146,26,1,1);
insert into DET values (10146,34,6,1);
insert into DET values (10147,11,1,1);
insert into DET values (10147,18,1,1);
insert into DET values (10147,51,1,1);
insert into DET values (10148,30,12,10);
insert into DET values (10148,40,5,1);
insert into DET values (10148,43,24,1);
insert into DET values (10148,51,24,1);
insert into DET values (10149,27,30,5);
insert into DET values (10149,35,40,1);
insert into DET values (10150,29,5,1);
insert into DET values (10150,53,9,1);
insert into DET values (10150,67,4,1);
insert into DET values (10151,1,2,1);
insert into DET values (10151,75,4,1);
insert into DET values (10152,30,1,10);
insert into DET values (10152,47,5,1);
insert into DET values (10152,76,1,1);
insert into DET values (10153,32,1,1);
insert into DET values (10153,60,1,1);
insert into DET values (10154,7,6,1);
insert into DET values (10154,55,7,1);
insert into DET values (10154,68,2,1);
insert into DET values (10155,43,30,1);
insert into DET values (10155,62,1,1);
insert into DET values (10155,63,1,1);
insert into DET values (10156,1,1,1);
insert into DET values (10156,4,1,1);
insert into DET values (10156,34,1,1);
insert into DET values (10157,2,35,1);
insert into DET values (10157,35,1,1);
insert into DET values (10157,73,50,1);
insert into DET values (10158,11,30,1);
insert into DET values (10158,34,12,1);
insert into DET values (10158,36,12,1);
insert into DET values (10158,54,1,1);
insert into DET values (10158,55,1,1);
insert into DET values (10159,1,40,1);
insert into DET values (10159,51,6,1);
insert into DET values (10160,31,3,1);
insert into DET values (10160,71,2,1);
insert into DET values (10161,11,14,1);
insert into DET values (10161,59,21,1);
insert into DET values (10161,67,12,1);
insert into DET values (10162,16,6,1);
insert into DET values (10162,33,6,1);
insert into DET values (10162,75,1,1);
insert into DET values (10163,1,8,1);
insert into DET values (10163,60,48,1);
insert into DET values (10163,64,1,1);
insert into DET values (10164,47,6,1);
insert into DET values (10165,1,60,1);
insert into DET values (10165,55,35,1);
insert into DET values (10166,17,1,1);
insert into DET values (10166,32,1,1);
insert into DET values (10166,47,1,1);
insert into DET values (10167,30,30,10);
insert into DET values (10167,44,18,1);
insert into DET values (10167,61,12,1);
insert into DET values (10168,12,80,1);
insert into DET values (10168,40,16,1);
insert into DET values (10168,76,1,1);
insert into DET values (10169,17,42,1);
insert into DET values (10169,68,1,1);
insert into DET values (10170,71,4,1);
insert into DET values (10170,75,12,1);
insert into DET values (10170,77,24,1);
insert into DET values (10171,19,2,5);
insert into DET values (10171,22,1,1);
insert into DET values (10172,33,30,1);
insert into DET values (10172,42,6,1);
insert into DET values (10172,72,5,1);
insert into DET values (10173,29,1,1);
insert into DET values (10173,59,5,1);
insert into DET values (10174,1,8,1);
insert into DET values (10175,30,12,10);
insert into DET values (10175,36,1,1);
insert into DET values (10175,59,35,1);
insert into DET values (10176,55,5,1);
insert into DET values (10176,67,50,1);
insert into DET values (10176,68,5,1);
insert into DET values (10176,71,1,1);
insert into DET values (10177,17,30,1);
insert into DET values (10177,31,35,1);
insert into DET values (10177,32,6,1);
insert into DET values (10178,44,1,1);
insert into DET values (10178,46,1,1);
insert into DET values (10178,73,21,1);
insert into DET values (10179,64,14,1);
insert into DET values (10180,14,1,1);
insert into DET values (10180,16,1,1);
insert into DET values (10180,45,1,1);
insert into DET values (10181,4,30,1);
insert into DET values (10181,17,40,1);
insert into DET values (10182,32,1,1);
insert into DET values (10182,44,4,1);
insert into DET values (10183,1,3,1);
insert into DET values (10183,23,14,1);
insert into DET values (10183,49,6,1);
insert into DET values (10184,12,1,1);
insert into DET values (10184,19,1,5);
insert into DET values (10184,46,3,1);
insert into DET values (10185,24,4,1);
insert into DET values (10185,59,8,1);
insert into DET values (10185,65,1,1);
insert into DET values (10186,13,28,1);
insert into DET values (10186,40,40,1);
insert into DET values (10186,50,16,1);
insert into DET values (10186,56,1,1);
insert into DET values (10187,35,60,1);
insert into DET values (10187,43,12,1);
insert into DET values (10188,24,28,1);
insert into DET values (10188,62,1,1);
insert into DET values (10189,36,30,1);
insert into DET values (10190,33,36,1);
insert into DET values (10191,24,1,1);
insert into DET values (10191,73,30,1);
insert into DET values (10192,59,6,1);
insert into DET values (10192,70,4,1);
insert into DET values (10193,1,45,1);
insert into DET values (10193,43,110,1);
insert into DET values (10193,54,1,1);
insert into DET values (10194,52,35,1);
insert into DET values (10194,69,1,1);
insert into DET values (10195,38,21,1);
insert into DET values (10195,70,12,1);
insert into DET values (10196,1,1,1);
insert into DET values (10196,24,42,1);
insert into DET values (10196,38,30,1);
insert into DET values (10197,21,3,1);
insert into DET values (10197,46,24,1);
insert into DET values (10197,58,1,1);
insert into DET values (10198,38,6,1);
insert into DET values (10198,46,6,1);
insert into DET values (10198,56,18,1);
insert into DET values (10198,76,30,1);
insert into DET values (10199,1,66,1);
insert into DET values (10199,3,40,1);
insert into DET values (10199,39,40,1);
insert into DET values (10200,11,28,1);
insert into DET values (10201,1,1,1);
insert into DET values (10202,1,1,1);
insert into DET values (10202,51,42,1);
insert into DET values (10202,73,18,1);
insert into DET values (10203,1,1,1);
insert into DET values (10203,70,1,1);
insert into DET values (10204,31,70,1);
insert into DET values (10204,45,35,1);
insert into DET values (10204,59,50,1);
insert into DET values (10205,31,12,1);
insert into DET values (10205,40,28,1);
insert into DET values (10205,41,56,1);
insert into DET values (10205,62,1,1);
insert into DET values (10205,73,35,1);
insert into DET values (10206,34,60,1);
insert into DET values (10206,43,12,1);
insert into DET values (10207,13,1,1);
insert into DET values (10207,35,1,1);
insert into DET values (10207,46,40,1);
insert into DET values (10208,56,12,1);
insert into DET values (10209,1,4,1);
insert into DET values (10209,4,1,1);
insert into DET values (10209,52,18,1);
insert into DET values (10210,11,12,1);
insert into DET values (10210,14,28,1);
insert into DET values (10210,39,60,1);
insert into DET values (10210,57,1,1);
insert into DET values (10210,67,30,1);
insert into DET values (10211,39,12,1);
insert into DET values (10211,41,40,1);
insert into DET values (10211,77,1,1);
insert into DET values (10212,31,8,1);
insert into DET values (10212,70,1,1);
insert into DET values (10213,38,1,1);
insert into DET values (10213,48,30,1);
insert into DET values (10213,76,1,1);
insert into DET values (10214,19,4,5);
insert into DET values (10214,21,6,1);
insert into DET values (10214,69,35,1);
insert into DET values (10214,76,1,1);
insert into DET values (10215,21,1,1);
insert into DET values (10215,29,9,1);
insert into DET values (10216,35,30,1);
insert into DET values (10216,74,30,1);
insert into DET values (10217,41,28,1);
insert into DET values (10217,59,6,1);
insert into DET values (10218,29,5,1);
insert into DET values (10218,56,1,1);
insert into DET values (10219,41,56,1);
insert into DET values (10219,43,1,1);
insert into DET values (10219,70,4,1);
insert into DET values (10220,13,1,1);
insert into DET values (10220,33,9,1);
insert into DET values (10220,69,30,1);
insert into DET values (10221,54,1,1);
insert into DET values (10221,55,12,1);
insert into DET values (10221,64,1,1);
insert into DET values (10222,2,70,1);
insert into DET values (10222,4,80,1);
insert into DET values (10223,17,1,1);
insert into DET values (10223,19,1,5);
insert into DET values (10223,56,5,1);
insert into DET values (10224,24,50,1);
insert into DET values (10224,70,1,1);
insert into DET values (10225,11,70,1);
insert into DET values (10225,35,1,1);
insert into DET values (10225,42,55,1);
insert into DET values (10225,52,1,1);
insert into DET values (10225,77,63,1);
insert into DET values (10226,9,1,1);
insert into DET values (10226,29,110,1);
insert into DET values (10226,31,14,1);
insert into DET values (10226,33,21,1);
insert into DET values (10226,59,42,1);
insert into DET values (10227,1,4,1);
insert into DET values (10227,55,14,1);
insert into DET values (10228,53,3,1);
insert into DET values (10228,64,1,1);
insert into DET values (10229,35,7,1);
insert into DET values (10229,74,1,1);
insert into DET values (10230,27,36,5);
insert into DET values (10230,56,40,1);
insert into DET values (10231,62,12,1);
insert into DET values (10232,30,1,10);
insert into DET values (10232,49,1,1);
insert into DET values (10232,61,1,1);
insert into DET values (10233,33,36,1);
insert into DET values (10233,44,40,1);
insert into DET values (10234,24,21,1);
insert into DET values (10234,53,30,1);
insert into DET values (10234,69,2,1);
insert into DET values (10235,75,1,1);
insert into DET values (10235,76,30,1);
insert into DET values (10235,77,1,1);
insert into DET values (10236,5,40,1);
insert into DET values (10236,69,30,1);
insert into DET values (10237,19,1,5);
insert into DET values (10237,62,18,1);
insert into DET values (10237,76,4,1);
insert into DET values (10238,26,12,1);
insert into DET values (10238,35,4,1);
insert into DET values (10238,65,1,1);
insert into DET values (10238,75,9,1);
insert into DET values (10239,1,1,1);
insert into DET values (10240,32,49,1);
insert into DET values (10240,33,18,1);
insert into DET values (10240,46,1,1);
insert into DET values (10240,55,50,1);
insert into DET values (10241,8,12,1);
insert into DET values (10241,21,1,1);
insert into DET values (10241,43,1,1);
insert into DET values (10242,2,1,1);
insert into DET values (10242,70,1,1);
insert into DET values (10242,75,40,1);
insert into DET values (10243,34,1,1);
insert into DET values (10243,75,12,1);
insert into DET values (10244,43,6,1);
insert into DET values (10244,54,8,1);
insert into DET values (10245,30,28,10);
insert into DET values (10245,35,1,1);
insert into DET values (10246,40,1,1);
insert into DET values (10247,1,35,1);
insert into DET values (10247,46,50,1);
insert into DET values (10247,76,50,1);
insert into DET values (10248,11,12,1);
insert into DET values (10248,42,1,1);
insert into DET values (10248,72,5,1);
insert into DET values (10249,14,9,1);
insert into DET values (10249,51,40,1);
insert into DET values (10250,41,1,1);
insert into DET values (10250,51,35,1);
insert into DET values (10250,65,1,1);
insert into DET values (10251,22,6,1);
insert into DET values (10251,57,1,1);
insert into DET values (10251,65,1,1);
insert into DET values (10252,1,40,1);
insert into DET values (10252,33,1,1);
insert into DET values (10252,60,40,1);
insert into DET values (10253,31,1,1);
insert into DET values (10253,39,42,1);
insert into DET values (10253,49,40,1);
insert into DET values (10254,24,1,1);
insert into DET values (10254,55,21,1);
insert into DET values (10254,74,21,1);
insert into DET values (10255,2,1,1);
insert into DET values (10255,16,35,1);
insert into DET values (10255,36,1,1);
insert into DET values (10255,59,30,1);
insert into DET values (10256,53,1,1);
insert into DET values (10256,77,12,1);
insert into DET values (10257,27,1,5);
insert into DET values (10257,39,6,1);
insert into DET values (10257,77,1,1);
insert into DET values (10258,2,50,1);
insert into DET values (10258,5,65,1);
insert into DET values (10258,32,6,1);
insert into DET values (10259,21,1,1);
insert into DET values (10259,37,1,1);
insert into DET values (10260,41,16,1);
insert into DET values (10260,57,50,1);
insert into DET values (10260,62,1,1);
insert into DET values (10260,70,21,1);
insert into DET values (10261,21,1,1);
insert into DET values (10261,35,1,1);
insert into DET values (10262,5,12,1);
insert into DET values (10262,7,1,1);
insert into DET values (10262,56,2,1);
insert into DET values (10263,16,60,1);
insert into DET values (10263,24,28,1);
insert into DET values (10263,30,60,10);
insert into DET values (10263,74,36,1);
insert into DET values (10264,2,35,1);
insert into DET values (10264,41,1,1);
insert into DET values (10265,17,30,1);
insert into DET values (10265,70,1,1);
insert into DET values (10266,12,12,1);
insert into DET values (10267,40,50,1);
insert into DET values (10267,59,70,1);
insert into DET values (10267,76,1,1);
insert into DET values (10268,29,1,1);
insert into DET values (10268,72,4,1);
insert into DET values (10269,33,60,1);
insert into DET values (10269,72,1,1);
insert into DET values (10270,36,30,1);
insert into DET values (10270,43,1,1);
insert into DET values (10271,33,24,1);
insert into DET values (10272,1,6,1);
insert into DET values (10272,31,40,1);
insert into DET values (10272,72,24,1);
insert into DET values (10273,1,24,1);
insert into DET values (10273,31,1,1);
insert into DET values (10273,33,1,1);
insert into DET values (10273,40,60,1);
insert into DET values (10273,76,33,1);
insert into DET values (10274,71,1,1);
insert into DET values (10274,72,7,1);
insert into DET values (10275,24,12,1);
insert into DET values (10275,59,6,1);
insert into DET values (10276,1,1,1);
insert into DET values (10276,13,1,1);
insert into DET values (10277,28,1,1);
insert into DET values (10277,62,12,1);
insert into DET values (10278,44,16,1);
insert into DET values (10278,59,1,1);
insert into DET values (10278,63,8,1);
insert into DET values (10278,73,1,1);
insert into DET values (10279,17,1,1);
insert into DET values (10280,24,12,1);
insert into DET values (10280,55,1,1);
insert into DET values (10280,75,30,1);
insert into DET values (10281,19,1,5);
insert into DET values (10281,24,6,1);
insert into DET values (10281,35,4,1);
insert into DET values (10282,30,6,10);
insert into DET values (10282,57,2,1);
insert into DET values (10283,1,1,1);
insert into DET values (10283,19,18,5);
insert into DET values (10283,60,35,1);
insert into DET values (10283,72,3,1);
insert into DET values (10284,27,1,5);
insert into DET values (10284,44,21,1);
insert into DET values (10284,60,1,1);
insert into DET values (10284,67,5,1);
insert into DET values (10285,1,45,1);
insert into DET values (10285,40,40,1);
insert into DET values (10285,53,36,1);
insert into DET values (10286,35,1,1);
insert into DET values (10286,62,40,1);
insert into DET values (10287,16,40,1);
insert into DET values (10287,34,1,1);
insert into DET values (10287,46,1,1);
insert into DET values (10288,54,1,1);
insert into DET values (10288,68,3,1);
insert into DET values (10289,3,30,1);
insert into DET values (10289,64,9,1);
insert into DET values (10290,5,1,1);
insert into DET values (10290,29,1,1);
insert into DET values (10290,49,1,1);
insert into DET values (10290,77,1,1);
insert into DET values (10291,13,1,1);
insert into DET values (10291,44,24,1);
insert into DET values (10291,51,2,1);
insert into DET values (10292,1,1,1);
insert into DET values (10293,18,12,1);
insert into DET values (10293,24,1,1);
insert into DET values (10293,63,5,1);
insert into DET values (10293,75,6,1);
insert into DET values (10294,1,18,1);
insert into DET values (10294,17,1,1);
insert into DET values (10294,43,1,1);
insert into DET values (10294,60,21,1);
insert into DET values (10294,75,6,1);
insert into DET values (10295,56,4,1);
insert into DET values (10296,11,12,1);
insert into DET values (10296,16,30,1);
insert into DET values (10296,69,1,1);
insert into DET values (10297,39,60,1);
insert into DET values (10297,72,1,1);
insert into DET values (10298,2,40,1);
insert into DET values (10298,36,40,1);
insert into DET values (10298,59,30,1);
insert into DET values (10298,62,1,1);
insert into DET values (10299,19,1,5);
insert into DET values (10299,70,1,1);
insert into DET values (10300,66,30,1);
insert into DET values (10300,68,1,1);
insert into DET values (10301,40,1,1);
insert into DET values (10301,56,1,1);
insert into DET values (10302,17,40,1);
insert into DET values (10302,28,28,1);
insert into DET values (10302,43,12,1);
insert into DET values (10303,40,40,1);
insert into DET values (10303,65,30,1);
insert into DET values (10303,68,1,1);
insert into DET values (10304,49,30,1);
insert into DET values (10304,59,1,1);
insert into DET values (10304,71,2,1);
insert into DET values (10305,18,1,1);
insert into DET values (10305,29,1,1);
insert into DET values (10305,39,30,1);
insert into DET values (10306,30,1,10);
insert into DET values (10306,53,1,1);
insert into DET values (10306,54,5,1);
insert into DET values (10307,62,1,1);
insert into DET values (10307,68,3,1);
insert into DET values (10308,69,1,1);
insert into DET values (10308,70,5,1);
insert into DET values (10309,4,1,1);
insert into DET values (10309,6,30,1);
insert into DET values (10309,42,2,1);
insert into DET values (10309,43,1,1);
insert into DET values (10309,71,3,1);
insert into DET values (10310,16,1,1);
insert into DET values (10310,62,5,1);
insert into DET values (10311,42,6,1);
insert into DET values (10311,69,7,1);
insert into DET values (10312,28,4,1);
insert into DET values (10312,43,24,1);
insert into DET values (10312,53,1,1);
insert into DET values (10312,75,1,1);
insert into DET values (10313,36,12,1);
insert into DET values (10314,32,40,1);
insert into DET values (10314,58,30,1);
insert into DET values (10314,62,1,1);
insert into DET values (10315,34,14,1);
insert into DET values (10315,70,30,1);
insert into DET values (10316,41,1,1);
insert into DET values (10316,62,70,1);
insert into DET values (10317,1,1,1);
insert into DET values (10318,41,1,1);
insert into DET values (10318,76,6,1);
insert into DET values (10319,17,8,1);
insert into DET values (10319,28,14,1);
insert into DET values (10319,76,30,1);
insert into DET values (10320,71,30,1);
insert into DET values (10321,35,1,1);
insert into DET values (10322,52,1,1);
insert into DET values (10323,1,5,1);
insert into DET values (10323,39,4,1);
insert into DET values (10324,16,21,1);
insert into DET values (10324,35,70,1);
insert into DET values (10324,46,30,1);
insert into DET values (10324,59,40,1);
insert into DET values (10324,63,80,1);
insert into DET values (10325,6,6,1);
insert into DET values (10325,13,12,1);
insert into DET values (10325,14,9,1);
insert into DET values (10325,31,4,1);
insert into DET values (10325,72,40,1);
insert into DET values (10326,4,24,1);
insert into DET values (10326,57,16,1);
insert into DET values (10326,75,50,1);
insert into DET values (10327,2,1,1);
insert into DET values (10327,11,50,1);
insert into DET values (10327,30,35,10);
insert into DET values (10327,58,30,1);
insert into DET values (10328,59,9,1);
insert into DET values (10328,65,40,1);
insert into DET values (10328,68,1,1);
insert into DET values (10329,19,1,5);
insert into DET values (10329,30,8,10);
insert into DET values (10329,38,1,1);
insert into DET values (10329,56,12,1);
insert into DET values (10330,26,50,1);
insert into DET values (10330,72,1,1);
insert into DET values (10331,54,1,1);
insert into DET values (10332,18,40,1);
insert into DET values (10332,42,1,1);
insert into DET values (10332,47,16,1);
insert into DET values (10333,14,1,1);
insert into DET values (10333,21,1,1);
insert into DET values (10333,71,40,1);
insert into DET values (10334,52,8,1);
insert into DET values (10334,68,1,1);
insert into DET values (10335,2,7,1);
insert into DET values (10335,31,1,1);
insert into DET values (10335,32,6,1);
insert into DET values (10335,51,48,1);
insert into DET values (10336,4,18,1);
insert into DET values (10337,23,40,1);
insert into DET values (10337,26,24,1);
insert into DET values (10337,36,1,1);
insert into DET values (10337,37,28,1);
insert into DET values (10337,72,1,1);
insert into DET values (10338,17,1,1);
insert into DET values (10338,30,1,10);
insert into DET values (10339,4,1,1);
insert into DET values (10339,17,70,1);
insert into DET values (10339,62,28,1);
insert into DET values (10340,18,1,1);
insert into DET values (10340,41,12,1);
insert into DET values (10340,43,40,1);
insert into DET values (10341,33,8,1);
insert into DET values (10341,59,9,1);
insert into DET values (10342,2,24,1);
insert into DET values (10342,31,56,1);
insert into DET values (10342,36,40,1);
insert into DET values (10342,55,40,1);
insert into DET values (10343,64,50,1);
insert into DET values (10343,68,4,1);
insert into DET values (10343,76,1,1);
insert into DET values (10344,4,35,1);
insert into DET values (10344,8,70,1);
insert into DET values (10345,8,70,1);
insert into DET values (10345,19,80,5);
insert into DET values (10345,42,9,1);
insert into DET values (10346,17,36,1);
insert into DET values (10346,56,1,1);
insert into DET values (10347,1,1,1);
insert into DET values (10347,39,50,1);
insert into DET values (10347,40,4,1);
insert into DET values (10347,75,6,1);
insert into DET values (10348,1,1,1);
insert into DET values (10348,23,1,1);
insert into DET values (10349,54,24,1);
insert into DET values (10350,50,1,1);
insert into DET values (10350,69,18,1);
insert into DET values (10351,38,1,1);
insert into DET values (10351,41,13,1);
insert into DET values (10351,44,77,1);
insert into DET values (10351,65,1,1);
insert into DET values (10352,24,1,1);
insert into DET values (10352,54,1,1);
insert into DET values (10353,11,12,1);
insert into DET values (10353,38,50,1);
insert into DET values (10354,1,12,1);
insert into DET values (10354,29,4,1);
insert into DET values (10355,24,1,1);
insert into DET values (10355,57,1,1);
insert into DET values (10356,31,30,1);
insert into DET values (10356,55,12,1);
insert into DET values (10356,69,1,1);
insert into DET values (10357,1,30,1);
insert into DET values (10357,26,16,1);
insert into DET values (10357,60,8,1);
insert into DET values (10358,24,1,1);
insert into DET values (10358,34,1,1);
insert into DET values (10358,36,1,1);
insert into DET values (10359,16,56,1);
insert into DET values (10359,31,70,1);
insert into DET values (10359,60,80,1);
insert into DET values (10360,28,30,1);
insert into DET values (10360,29,35,1);
insert into DET values (10360,38,1,1);
insert into DET values (10360,49,35,1);
insert into DET values (10360,54,28,1);
insert into DET values (10361,39,54,1);
insert into DET values (10361,60,55,1);
insert into DET values (10362,1,50,1);
insert into DET values (10362,51,1,1);
insert into DET values (10362,54,24,1);
insert into DET values (10363,31,1,1);
insert into DET values (10363,75,12,1);
insert into DET values (10363,76,12,1);
insert into DET values (10364,69,30,1);
insert into DET values (10364,71,5,1);
insert into DET values (10365,11,24,1);
insert into DET values (10366,65,5,1);
insert into DET values (10366,77,5,1);
insert into DET values (10367,34,36,1);
insert into DET values (10367,54,18,1);
insert into DET values (10367,65,1,1);
insert into DET values (10367,77,7,1);
insert into DET values (10368,21,5,1);
insert into DET values (10368,28,13,1);
insert into DET values (10368,57,1,1);
insert into DET values (10368,64,35,1);
insert into DET values (10369,29,1,1);
insert into DET values (10369,56,18,1);
insert into DET values (10370,1,1,1);
insert into DET values (10370,64,30,1);
insert into DET values (10370,74,1,1);
insert into DET values (10371,36,6,1);
insert into DET values (10372,1,12,1);
insert into DET values (10372,38,40,1);
insert into DET values (10372,60,70,1);
insert into DET values (10372,72,42,1);
insert into DET values (10373,58,80,1);
insert into DET values (10373,71,50,1);
insert into DET values (10374,31,30,1);
insert into DET values (10374,58,1,1);
insert into DET values (10375,14,1,1);
insert into DET values (10375,54,1,1);
insert into DET values (10376,31,42,1);
insert into DET values (10377,28,1,1);
insert into DET values (10377,39,1,1);
insert into DET values (10378,71,6,1);
insert into DET values (10379,41,8,1);
insert into DET values (10379,63,16,1);
insert into DET values (10379,65,1,1);
insert into DET values (10380,30,18,10);
insert into DET values (10380,53,1,1);
insert into DET values (10380,60,6,1);
insert into DET values (10380,70,30,1);
insert into DET values (10381,74,14,1);
insert into DET values (10382,5,32,1);
insert into DET values (10382,18,9,1);
insert into DET values (10382,29,14,1);
insert into DET values (10382,33,60,1);
insert into DET values (10382,74,50,1);
insert into DET values (10383,13,1,1);
insert into DET values (10383,50,1,1);
insert into DET values (10383,56,1,1);
insert into DET values (10384,1,28,1);
insert into DET values (10384,60,1,1);
insert into DET values (10385,7,1,1);
insert into DET values (10385,60,1,1);
insert into DET values (10385,68,8,1);
insert into DET values (10386,24,1,1);
insert into DET values (10386,34,1,1);
insert into DET values (10387,24,1,1);
insert into DET values (10387,28,6,1);
insert into DET values (10387,59,12,1);
insert into DET values (10387,71,1,1);
insert into DET values (10388,45,1,1);
insert into DET values (10388,52,1,1);
insert into DET values (10388,53,40,1);
insert into DET values (10389,1,16,1);
insert into DET values (10389,55,1,1);
insert into DET values (10389,62,1,1);
insert into DET values (10389,70,30,1);
insert into DET values (10390,31,60,1);
insert into DET values (10390,35,40,1);
insert into DET values (10390,46,45,1);
insert into DET values (10390,72,24,1);
insert into DET values (10391,13,18,1);
insert into DET values (10392,69,50,1);
insert into DET values (10393,1,7,1);
insert into DET values (10393,2,1,1);
insert into DET values (10393,14,42,1);
insert into DET values (10393,26,70,1);
insert into DET values (10393,31,32,1);
insert into DET values (10394,13,1,1);
insert into DET values (10394,62,1,1);
insert into DET values (10395,46,28,1);
insert into DET values (10395,53,70,1);
insert into DET values (10395,69,8,1);
insert into DET values (10396,23,40,1);
insert into DET values (10396,71,60,1);
insert into DET values (10396,72,21,1);
insert into DET values (10397,21,1,1);
insert into DET values (10397,51,18,1);
insert into DET values (10398,35,30,1);
insert into DET values (10398,55,120,1);
insert into DET values (10399,68,60,1);
insert into DET values (10399,71,30,1);
insert into DET values (10399,76,35,1);
insert into DET values (10399,77,14,1);
insert into DET values (10400,29,21,1);
insert into DET values (10400,35,35,1);
insert into DET values (10400,49,30,1);
insert into DET values (10401,30,18,10);
insert into DET values (10401,56,70,1);
insert into DET values (10401,65,1,1);
insert into DET values (10401,71,60,1);
insert into DET values (10402,23,60,1);
insert into DET values (10402,63,65,1);
insert into DET values (10403,16,21,1);
insert into DET values (10403,48,70,1);
insert into DET values (10404,26,30,1);
insert into DET values (10404,42,40,1);
insert into DET values (10404,49,30,1);
insert into DET values (10405,3,50,1);
insert into DET values (10406,1,1,1);
insert into DET values (10406,21,30,1);
insert into DET values (10406,28,42,1);
insert into DET values (10406,36,5,1);
insert into DET values (10406,40,2,1);
insert into DET values (10407,11,30,1);
insert into DET values (10407,69,1,1);
insert into DET values (10407,71,1,1);
insert into DET values (10408,37,1,1);
insert into DET values (10408,54,6,1);
insert into DET values (10408,62,35,1);
insert into DET values (10409,14,12,1);
insert into DET values (10409,21,12,1);
insert into DET values (10410,33,49,1);
insert into DET values (10410,59,16,1);
insert into DET values (10411,41,1,1);
insert into DET values (10411,44,40,1);
insert into DET values (10411,59,9,1);
insert into DET values (10412,14,1,1);
insert into DET values (10413,1,24,1);
insert into DET values (10413,62,40,1);
insert into DET values (10413,76,14,1);
insert into DET values (10414,19,18,5);
insert into DET values (10414,33,50,1);
insert into DET values (10415,17,2,1);
insert into DET values (10415,33,1,1);
insert into DET values (10416,19,1,5);
insert into DET values (10416,53,1,1);
insert into DET values (10416,57,1,1);
insert into DET values (10417,38,50,1);
insert into DET values (10417,46,2,1);
insert into DET values (10417,68,36,1);
insert into DET values (10417,77,35,1);
insert into DET values (10418,2,60,1);
insert into DET values (10418,47,55,1);
insert into DET values (10418,61,16,1);
insert into DET values (10418,74,1,1);
insert into DET values (10419,60,60,1);
insert into DET values (10419,69,1,1);
insert into DET values (10420,9,1,1);
insert into DET values (10420,13,2,1);
insert into DET values (10420,70,8,1);
insert into DET values (10420,73,1,1);
insert into DET values (10421,19,4,5);
insert into DET values (10421,26,30,1);
insert into DET values (10421,53,1,1);
insert into DET values (10421,77,1,1);
insert into DET values (10422,26,2,1);
insert into DET values (10423,31,14,1);
insert into DET values (10423,59,1,1);
insert into DET values (10424,35,60,1);
insert into DET values (10424,38,49,1);
insert into DET values (10424,68,30,1);
insert into DET values (10425,55,1,1);
insert into DET values (10425,76,1,1);
insert into DET values (10426,56,5,1);
insert into DET values (10426,64,7,1);
insert into DET values (10427,14,35,1);
insert into DET values (10428,46,1,1);
insert into DET values (10429,50,40,1);
insert into DET values (10429,63,35,1);
insert into DET values (10430,17,45,1);
insert into DET values (10430,21,50,1);
insert into DET values (10430,56,30,1);
insert into DET values (10430,59,70,1);
insert into DET values (10431,17,50,1);
insert into DET values (10431,40,50,1);
insert into DET values (10431,47,30,1);
insert into DET values (10432,26,1,1);
insert into DET values (10432,54,40,1);
insert into DET values (10433,56,28,1);
insert into DET values (10434,11,6,1);
insert into DET values (10434,76,18,1);
insert into DET values (10435,2,1,1);
insert into DET values (10435,22,12,1);
insert into DET values (10435,72,1,1);
insert into DET values (10436,46,5,1);
insert into DET values (10436,56,40,1);
insert into DET values (10436,64,30,1);
insert into DET values (10436,75,24,1);
insert into DET values (10437,53,1,1);
insert into DET values (10438,19,1,5);
insert into DET values (10438,34,1,1);
insert into DET values (10438,57,1,1);
insert into DET values (10439,12,1,1);
insert into DET values (10439,16,16,1);
insert into DET values (10439,64,6,1);
insert into DET values (10439,74,30,1);
insert into DET values (10440,2,45,1);
insert into DET values (10440,16,49,1);
insert into DET values (10440,29,24,1);
insert into DET values (10440,61,90,1);
insert into DET values (10441,27,50,5);
insert into DET values (10442,11,30,1);
insert into DET values (10442,54,80,1);
insert into DET values (10442,66,60,1);
insert into DET values (10443,11,6,1);
insert into DET values (10443,28,12,1);
insert into DET values (10444,17,1,1);
insert into DET values (10444,26,1,1);
insert into DET values (10444,35,8,1);
insert into DET values (10444,41,30,1);
insert into DET values (10445,39,6,1);
insert into DET values (10445,54,1,1);
insert into DET values (10446,19,12,5);
insert into DET values (10446,24,1,1);
insert into DET values (10446,31,3,1);
insert into DET values (10446,52,1,1);
insert into DET values (10447,19,40,5);
insert into DET values (10447,65,35,1);
insert into DET values (10447,71,2,1);
insert into DET values (10448,26,6,1);
insert into DET values (10448,40,1,1);
insert into DET values (10449,1,14,1);
insert into DET values (10449,52,1,1);
insert into DET values (10449,62,35,1);
insert into DET values (10450,1,1,1);
insert into DET values (10450,54,6,1);
insert into DET values (10451,55,120,1);
insert into DET values (10451,64,35,1);
insert into DET values (10451,65,28,1);
insert into DET values (10451,77,55,1);
insert into DET values (10452,28,1,1);
insert into DET values (10452,44,1,1);
insert into DET values (10453,48,1,1);
insert into DET values (10453,70,1,1);
insert into DET values (10454,16,1,1);
insert into DET values (10454,33,1,1);
insert into DET values (10454,46,1,1);
insert into DET values (10455,39,1,1);
insert into DET values (10455,53,50,1);
insert into DET values (10455,61,1,1);
insert into DET values (10455,71,30,1);
insert into DET values (10456,21,40,1);
insert into DET values (10456,49,21,1);
insert into DET values (10457,59,36,1);
insert into DET values (10458,26,30,1);
insert into DET values (10458,28,30,1);
insert into DET values (10458,43,1,1);
insert into DET values (10458,56,1,1);
insert into DET values (10458,71,50,1);
insert into DET values (10459,7,16,1);
insert into DET values (10459,46,1,1);
insert into DET values (10459,72,40,1);
insert into DET values (10460,68,21,1);
insert into DET values (10460,75,4,1);
insert into DET values (10461,21,40,1);
insert into DET values (10461,30,28,10);
insert into DET values (10461,55,60,1);
insert into DET values (10462,13,1,1);
insert into DET values (10462,23,21,1);
insert into DET values (10463,19,21,5);
insert into DET values (10463,42,50,1);
insert into DET values (10464,4,16,1);
insert into DET values (10464,43,3,1);
insert into DET values (10464,56,30,1);
insert into DET values (10464,60,1,1);
insert into DET values (10465,24,1,1);
insert into DET values (10465,29,18,1);
insert into DET values (10465,40,1,1);
insert into DET values (10465,45,30,1);
insert into DET values (10465,50,1,1);
insert into DET values (10466,11,1,1);
insert into DET values (10466,46,5,1);
insert into DET values (10467,1,12,1);
insert into DET values (10467,24,28,1);
insert into DET values (10468,30,8,10);
insert into DET values (10468,43,1,1);
insert into DET values (10469,2,40,1);
insert into DET values (10469,16,35,1);
insert into DET values (10469,44,2,1);
insert into DET values (10470,18,30,1);
insert into DET values (10470,23,1,1);
insert into DET values (10470,64,8,1);
insert into DET values (10471,7,30,1);
insert into DET values (10471,56,1,1);
insert into DET values (10472,24,80,1);
insert into DET values (10472,51,18,1);
insert into DET values (10473,33,12,1);
insert into DET values (10473,71,12,1);
insert into DET values (10474,14,12,1);
insert into DET values (10474,28,18,1);
insert into DET values (10474,40,21,1);
insert into DET values (10474,75,1,1);
insert into DET values (10475,31,35,1);
insert into DET values (10475,66,60,1);
insert into DET values (10475,76,42,1);
insert into DET values (10476,55,2,1);
insert into DET values (10476,70,12,1);
insert into DET values (10477,1,1,1);
insert into DET values (10477,21,21,1);
insert into DET values (10477,39,1,1);
insert into DET values (10478,1,1,1);
insert into DET values (10479,38,30,1);
insert into DET values (10479,53,28,1);
insert into DET values (10479,59,60,1);
insert into DET values (10479,64,30,1);
insert into DET values (10480,47,30,1);
insert into DET values (10480,59,12,1);
insert into DET values (10481,49,24,1);
insert into DET values (10481,60,40,1);
insert into DET values (10482,40,1,1);
insert into DET values (10483,34,35,1);
insert into DET values (10483,77,30,1);
insert into DET values (10484,21,14,1);
insert into DET values (10484,40,1,1);
insert into DET values (10484,51,3,1);
insert into DET values (10485,2,1,1);
insert into DET values (10485,3,1,1);
insert into DET values (10485,55,30,1);
insert into DET values (10485,70,60,1);
insert into DET values (10486,11,5,1);
insert into DET values (10486,51,1,1);
insert into DET values (10486,74,16,1);
insert into DET values (10487,19,5,5);
insert into DET values (10487,26,30,1);
insert into DET values (10487,54,24,1);
insert into DET values (10488,59,30,1);
insert into DET values (10488,73,1,1);
insert into DET values (10489,11,1,1);
insert into DET values (10489,16,18,1);
insert into DET values (10490,59,60,1);
insert into DET values (10490,68,30,1);
insert into DET values (10490,75,36,1);
insert into DET values (10491,44,1,1);
insert into DET values (10491,77,7,1);
insert into DET values (10492,1,60,1);
insert into DET values (10492,42,1,1);
insert into DET values (10493,65,1,1);
insert into DET values (10493,66,1,1);
insert into DET values (10493,69,1,1);
insert into DET values (10494,56,30,1);
insert into DET values (10495,23,1,1);
insert into DET values (10495,41,1,1);
insert into DET values (10495,77,5,1);
insert into DET values (10496,31,1,1);
insert into DET values (10497,56,14,1);
insert into DET values (10497,72,1,1);
insert into DET values (10497,77,1,1);
insert into DET values (10498,24,14,1);
insert into DET values (10498,40,5,1);
insert into DET values (10498,42,30,1);
insert into DET values (10499,28,1,1);
insert into DET values (10499,49,1,1);
insert into DET values (10500,1,12,1);
insert into DET values (10500,28,8,1);
insert into DET values (10501,54,1,1);
insert into DET values (10502,45,21,1);
insert into DET values (10502,53,6,1);
insert into DET values (10502,67,30,1);
insert into DET values (10503,14,70,1);
insert into DET values (10503,65,1,1);
insert into DET values (10504,2,12,1);
insert into DET values (10504,21,12,1);
insert into DET values (10504,53,1,1);
insert into DET values (10504,61,1,1);
insert into DET values (10505,62,3,1);
insert into DET values (10506,1,18,1);
insert into DET values (10506,70,14,1);
insert into DET values (10507,43,1,1);
insert into DET values (10507,48,1,1);
insert into DET values (10508,13,1,1);
insert into DET values (10508,39,1,1);
insert into DET values (10509,28,3,1);
insert into DET values (10510,29,36,1);
insert into DET values (10510,75,36,1);
insert into DET values (10511,4,50,1);
insert into DET values (10511,7,50,1);
insert into DET values (10511,8,1,1);
insert into DET values (10512,24,1,1);
insert into DET values (10512,46,9,1);
insert into DET values (10512,47,6,1);
insert into DET values (10512,60,12,1);
insert into DET values (10513,21,40,1);
insert into DET values (10513,32,50,1);
insert into DET values (10513,61,1,1);
insert into DET values (10514,1,39,1);
insert into DET values (10514,28,35,1);
insert into DET values (10514,56,70,1);
insert into DET values (10514,65,39,1);
insert into DET values (10514,75,50,1);
insert into DET values (10515,9,16,1);
insert into DET values (10515,16,50,1);
insert into DET values (10515,27,120,5);
insert into DET values (10515,33,16,1);
insert into DET values (10515,60,84,1);
insert into DET values (10516,18,1,1);
insert into DET values (10516,41,80,1);
insert into DET values (10516,42,1,1);
insert into DET values (10517,52,6,1);
insert into DET values (10517,59,4,1);
insert into DET values (10517,70,6,1);
insert into DET values (10518,24,5,1);
insert into DET values (10518,38,1,1);
insert into DET values (10518,44,9,1);
insert into DET values (10519,1,16,1);
insert into DET values (10519,56,40,1);
insert into DET values (10519,60,1,1);
insert into DET values (10520,24,8,1);
insert into DET values (10520,53,5,1);
insert into DET values (10521,35,3,1);
insert into DET values (10521,41,1,1);
insert into DET values (10521,68,6,1);
insert into DET values (10522,1,40,1);
insert into DET values (10522,8,24,1);
insert into DET values (10522,30,1,10);
insert into DET values (10522,40,1,1);
insert into DET values (10523,1,1,1);
insert into DET values (10523,17,1,1);
insert into DET values (10523,37,18,1);
insert into DET values (10523,41,6,1);
insert into DET values (10524,1,2,1);
insert into DET values (10524,30,1,10);
insert into DET values (10524,43,60,1);
insert into DET values (10524,54,1,1);
insert into DET values (10525,36,30,1);
insert into DET values (10525,40,1,1);
insert into DET values (10526,1,8,1);
insert into DET values (10526,13,1,1);
insert into DET values (10526,56,30,1);
insert into DET values (10527,4,50,1);
insert into DET values (10527,36,30,1);
insert into DET values (10528,11,3,1);
insert into DET values (10528,33,8,1);
insert into DET values (10528,72,9,1);
insert into DET values (10529,55,14,1);
insert into DET values (10529,68,1,1);
insert into DET values (10529,69,1,1);
insert into DET values (10530,17,40,1);
insert into DET values (10530,43,1,1);
insert into DET values (10530,61,1,1);
insert into DET values (10530,76,50,1);
insert into DET values (10531,59,2,1);
insert into DET values (10532,30,1,10);
insert into DET values (10532,66,24,1);
insert into DET values (10533,4,50,1);
insert into DET values (10533,72,24,1);
insert into DET values (10533,73,24,1);
insert into DET values (10534,30,1,10);
insert into DET values (10534,40,1,1);
insert into DET values (10534,54,1,1);
insert into DET values (10535,11,50,1);
insert into DET values (10535,40,1,1);
insert into DET values (10535,57,5,1);
insert into DET values (10535,59,1,1);
insert into DET values (10536,12,1,1);
insert into DET values (10536,31,1,1);
insert into DET values (10536,33,30,1);
insert into DET values (10536,60,35,1);
insert into DET values (10537,31,30,1);
insert into DET values (10537,51,6,1);
insert into DET values (10537,58,1,1);
insert into DET values (10537,72,21,1);
insert into DET values (10537,73,9,1);
insert into DET values (10538,70,7,1);
insert into DET values (10538,72,1,1);
insert into DET values (10539,13,8,1);
insert into DET values (10539,21,1,1);
insert into DET values (10539,33,1,1);
insert into DET values (10539,49,6,1);
insert into DET values (10540,3,60,1);
insert into DET values (10540,26,40,1);
insert into DET values (10540,38,30,1);
insert into DET values (10540,68,35,1);
insert into DET values (10541,24,35,1);
insert into DET values (10541,38,4,1);
insert into DET values (10541,65,36,1);
insert into DET values (10541,71,9,1);
insert into DET values (10542,11,1,1);
insert into DET values (10542,54,24,1);
insert into DET values (10543,12,30,1);
insert into DET values (10543,23,70,1);
insert into DET values (10544,28,7,1);
insert into DET values (10544,67,7,1);
insert into DET values (10545,11,1,1);
insert into DET values (10546,7,1,1);
insert into DET values (10546,35,30,1);
insert into DET values (10546,62,40,1);
insert into DET values (10547,32,24,1);
insert into DET values (10547,36,60,1);
insert into DET values (10548,34,1,1);
insert into DET values (10548,41,14,1);
insert into DET values (10549,31,55,1);
insert into DET values (10549,45,1,1);
insert into DET values (10549,51,48,1);
insert into DET values (10550,17,8,1);
insert into DET values (10550,19,1,5);
insert into DET values (10550,21,6,1);
insert into DET values (10550,61,1,1);
insert into DET values (10551,16,40,1);
insert into DET values (10551,35,1,1);
insert into DET values (10551,44,40,1);
insert into DET values (10552,69,18,1);
insert into DET values (10552,75,30,1);
insert into DET values (10553,11,1,1);
insert into DET values (10553,16,14,1);
insert into DET values (10553,22,24,1);
insert into DET values (10553,31,30,1);
insert into DET values (10553,35,6,1);
insert into DET values (10554,16,30,1);
insert into DET values (10554,23,1,1);
insert into DET values (10554,62,1,1);
insert into DET values (10554,77,1,1);
insert into DET values (10555,14,30,1);
insert into DET values (10555,19,35,5);
insert into DET values (10555,24,18,1);
insert into DET values (10555,51,1,1);
insert into DET values (10555,56,40,1);
insert into DET values (10556,72,24,1);
insert into DET values (10557,64,30,1);
insert into DET values (10557,75,1,1);
insert into DET values (10558,47,1,1);
insert into DET values (10558,51,1,1);
insert into DET values (10558,52,30,1);
insert into DET values (10558,53,18,1);
insert into DET values (10558,73,3,1);
insert into DET values (10559,41,12,1);
insert into DET values (10559,55,18,1);
insert into DET values (10560,30,1,10);
insert into DET values (10560,62,1,1);
insert into DET values (10561,44,1,1);
insert into DET values (10561,51,50,1);
insert into DET values (10562,33,1,1);
insert into DET values (10562,62,1,1);
insert into DET values (10563,36,1,1);
insert into DET values (10563,52,70,1);
insert into DET values (10564,17,16,1);
insert into DET values (10564,31,6,1);
insert into DET values (10564,55,1,1);
insert into DET values (10565,24,1,1);
insert into DET values (10565,64,18,1);
insert into DET values (10566,11,35,1);
insert into DET values (10566,18,18,1);
insert into DET values (10566,76,1,1);
insert into DET values (10567,31,60,1);
insert into DET values (10567,51,3,1);
insert into DET values (10567,59,40,1);
insert into DET values (10568,1,5,1);
insert into DET values (10569,31,35,1);
insert into DET values (10569,76,30,1);
insert into DET values (10570,11,1,1);
insert into DET values (10570,56,60,1);
insert into DET values (10571,14,11,1);
insert into DET values (10571,42,28,1);
insert into DET values (10572,16,12,1);
insert into DET values (10572,32,1,1);
insert into DET values (10572,40,50,1);
insert into DET values (10572,75,1,1);
insert into DET values (10573,17,18,1);
insert into DET values (10573,34,40,1);
insert into DET values (10573,53,1,1);
insert into DET values (10574,33,14,1);
insert into DET values (10574,40,2,1);
insert into DET values (10574,62,1,1);
insert into DET values (10574,64,6,1);
insert into DET values (10575,59,12,1);
insert into DET values (10575,63,6,1);
insert into DET values (10575,72,30,1);
insert into DET values (10575,76,1,1);
insert into DET values (10576,1,1,1);
insert into DET values (10576,31,1,1);
insert into DET values (10576,44,21,1);
insert into DET values (10577,39,1,1);
insert into DET values (10577,75,1,1);
insert into DET values (10577,77,18,1);
insert into DET values (10578,35,1,1);
insert into DET values (10578,57,6,1);
insert into DET values (10579,1,1,1);
insert into DET values (10579,75,21,1);
insert into DET values (10580,14,1,1);
insert into DET values (10580,41,9,1);
insert into DET values (10580,65,30,1);
insert into DET values (10581,75,50,1);
insert into DET values (10582,57,4,1);
insert into DET values (10582,76,14,1);
insert into DET values (10583,29,1,1);
insert into DET values (10583,60,24,1);
insert into DET values (10583,69,1,1);
insert into DET values (10584,31,50,1);
insert into DET values (10585,47,1,1);
insert into DET values (10586,52,4,1);
insert into DET values (10587,26,6,1);
insert into DET values (10587,35,1,1);
insert into DET values (10587,77,1,1);
insert into DET values (10588,18,40,1);
insert into DET values (10588,42,1,1);
insert into DET values (10589,35,4,1);
insert into DET values (10590,1,1,1);
insert into DET values (10590,77,60,1);
insert into DET values (10591,3,14,1);
insert into DET values (10591,7,1,1);
insert into DET values (10591,54,50,1);
insert into DET values (10592,1,1,1);
insert into DET values (10592,26,5,1);
insert into DET values (10593,1,21,1);
insert into DET values (10593,69,1,1);
insert into DET values (10593,76,4,1);
insert into DET values (10594,52,24,1);
insert into DET values (10594,58,30,1);
insert into DET values (10595,35,30,1);
insert into DET values (10595,61,120,1);
insert into DET values (10595,69,65,1);
insert into DET values (10596,56,5,1);
insert into DET values (10596,63,24,1);
insert into DET values (10596,75,30,1);
insert into DET values (10597,24,35,1);
insert into DET values (10597,57,1,1);
insert into DET values (10597,65,12,1);
insert into DET values (10598,27,50,5);
insert into DET values (10598,71,9,1);
insert into DET values (10599,62,1,1);
insert into DET values (10600,54,4,1);
insert into DET values (10600,73,30,1);
insert into DET values (10601,13,60,1);
insert into DET values (10601,59,35,1);
insert into DET values (10602,77,5,1);
insert into DET values (10603,22,48,1);
insert into DET values (10603,49,1,1);
insert into DET values (10604,48,6,1);
insert into DET values (10604,76,1,1);
insert into DET values (10605,16,30,1);
insert into DET values (10605,59,1,1);
insert into DET values (10605,60,70,1);
insert into DET values (10605,71,1,1);
insert into DET values (10606,4,1,1);
insert into DET values (10606,55,1,1);
insert into DET values (10606,62,1,1);
insert into DET values (10607,7,45,1);
insert into DET values (10607,17,1,1);
insert into DET values (10607,33,14,1);
insert into DET values (10607,40,42,1);
insert into DET values (10607,72,12,1);
insert into DET values (10608,56,28,1);
insert into DET values (10609,1,3,1);
insert into DET values (10609,21,6,1);
insert into DET values (10610,36,21,1);
insert into DET values (10611,1,6,1);
insert into DET values (10611,2,1,1);
insert into DET values (10611,60,1,1);
insert into DET values (10612,1,70,1);
insert into DET values (10612,36,55,1);
insert into DET values (10612,49,18,1);
insert into DET values (10612,60,40,1);
insert into DET values (10612,76,80,1);
insert into DET values (10613,13,8,1);
insert into DET values (10613,75,40,1);
insert into DET values (10614,11,14,1);
insert into DET values (10614,21,8,1);
insert into DET values (10614,39,5,1);
insert into DET values (10615,55,5,1);
insert into DET values (10616,38,1,1);
insert into DET values (10616,56,14,1);
insert into DET values (10616,70,1,1);
insert into DET values (10616,71,1,1);
insert into DET values (10617,59,30,1);
insert into DET values (10618,6,70,1);
insert into DET values (10618,56,1,1);
insert into DET values (10618,68,1,1);
insert into DET values (10619,21,42,1);
insert into DET values (10619,22,40,1);
insert into DET values (10620,24,5,1);
insert into DET values (10620,52,5,1);
insert into DET values (10621,19,5,5);
insert into DET values (10621,23,1,1);
insert into DET values (10621,70,1,1);
insert into DET values (10621,71,1,1);
insert into DET values (10622,2,1,1);
insert into DET values (10622,68,18,1);
insert into DET values (10623,14,21,1);
insert into DET values (10623,19,1,5);
insert into DET values (10623,21,1,1);
insert into DET values (10623,24,3,1);
insert into DET values (10623,35,30,1);
insert into DET values (10624,28,1,1);
insert into DET values (10624,29,6,1);
insert into DET values (10624,44,1,1);
insert into DET values (10625,14,3,1);
insert into DET values (10625,42,5,1);
insert into DET values (10625,60,1,1);
insert into DET values (10626,53,12,1);
insert into DET values (10626,60,1,1);
insert into DET values (10626,71,1,1);
insert into DET values (10627,62,1,1);
insert into DET values (10627,73,35,1);
insert into DET values (10628,1,1,1);
insert into DET values (10629,29,1,1);
insert into DET values (10629,64,9,1);
insert into DET values (10630,55,12,1);
insert into DET values (10630,76,35,1);
insert into DET values (10631,75,8,1);
insert into DET values (10632,2,30,1);
insert into DET values (10632,33,1,1);
insert into DET values (10633,12,36,1);
insert into DET values (10633,13,13,1);
insert into DET values (10633,26,35,1);
insert into DET values (10633,62,80,1);
insert into DET values (10634,7,35,1);
insert into DET values (10634,18,50,1);
insert into DET values (10634,51,1,1);
insert into DET values (10634,75,2,1);
insert into DET values (10635,4,1,1);
insert into DET values (10635,5,1,1);
insert into DET values (10635,22,40,1);
insert into DET values (10636,4,1,1);
insert into DET values (10636,58,6,1);
insert into DET values (10637,11,1,1);
insert into DET values (10637,50,1,1);
insert into DET values (10637,56,60,1);
insert into DET values (10638,45,1,1);
insert into DET values (10638,65,21,1);
insert into DET values (10638,72,60,1);
insert into DET values (10639,18,8,1);
insert into DET values (10640,69,1,1);
insert into DET values (10640,70,1,1);
insert into DET values (10641,2,50,1);
insert into DET values (10641,40,60,1);
insert into DET values (10642,21,30,1);
insert into DET values (10642,61,1,1);
insert into DET values (10643,28,1,1);
insert into DET values (10643,39,21,1);
insert into DET values (10643,46,2,1);
insert into DET values (10644,18,4,1);
insert into DET values (10644,43,1,1);
insert into DET values (10644,46,21,1);
insert into DET values (10645,18,1,1);
insert into DET values (10645,36,1,1);
insert into DET values (10646,1,18,1);
insert into DET values (10646,71,30,1);
insert into DET values (10646,77,35,1);
insert into DET values (10647,19,30,5);
insert into DET values (10647,39,1,1);
insert into DET values (10648,22,1,1);
insert into DET values (10648,24,1,1);
insert into DET values (10649,28,1,1);
insert into DET values (10649,72,1,1);
insert into DET values (10650,30,30,10);
insert into DET values (10650,53,1,1);
insert into DET values (10650,54,30,1);
insert into DET values (10651,19,12,5);
insert into DET values (10651,22,1,1);
insert into DET values (10652,30,2,10);
insert into DET values (10652,42,1,1);
insert into DET values (10653,16,30,1);
insert into DET values (10653,60,1,1);
insert into DET values (10654,4,12,1);
insert into DET values (10654,39,1,1);
insert into DET values (10654,54,6,1);
insert into DET values (10655,41,1,1);
insert into DET values (10656,14,3,1);
insert into DET values (10656,44,28,1);
insert into DET values (10656,47,6,1);
insert into DET values (10657,1,50,1);
insert into DET values (10657,41,24,1);
insert into DET values (10657,46,45,1);
insert into DET values (10657,47,1,1);
insert into DET values (10657,56,45,1);
insert into DET values (10657,60,30,1);
insert into DET values (10658,21,60,1);
insert into DET values (10658,40,70,1);
insert into DET values (10658,60,55,1);
insert into DET values (10658,77,70,1);
insert into DET values (10659,31,1,1);
insert into DET values (10659,40,24,1);
insert into DET values (10659,70,40,1);
insert into DET values (10660,1,21,1);
insert into DET values (10661,39,3,1);
insert into DET values (10661,58,49,1);
insert into DET values (10662,68,1,1);
insert into DET values (10663,40,30,1);
insert into DET values (10663,42,30,1);
insert into DET values (10663,51,1,1);
insert into DET values (10664,1,24,1);
insert into DET values (10664,56,12,1);
insert into DET values (10664,65,1,1);
insert into DET values (10665,51,1,1);
insert into DET values (10665,59,1,1);
insert into DET values (10665,76,1,1);
insert into DET values (10666,29,36,1);
insert into DET values (10666,65,1,1);
insert into DET values (10667,69,45,1);
insert into DET values (10667,71,14,1);
insert into DET values (10668,31,8,1);
insert into DET values (10668,55,4,1);
insert into DET values (10668,64,1,1);
insert into DET values (10669,36,30,1);
insert into DET values (10670,23,32,1);
insert into DET values (10670,46,60,1);
insert into DET values (10670,67,1,1);
insert into DET values (10670,73,50,1);
insert into DET values (10670,75,1,1);
insert into DET values (10671,16,1,1);
insert into DET values (10671,62,1,1);
insert into DET values (10671,65,12,1);
insert into DET values (10672,38,1,1);
insert into DET values (10672,71,12,1);
insert into DET values (10673,16,3,1);
insert into DET values (10673,42,6,1);
insert into DET values (10673,43,6,1);
insert into DET values (10674,23,5,1);
insert into DET values (10675,14,30,1);
insert into DET values (10675,53,1,1);
insert into DET values (10675,58,30,1);
insert into DET values (10676,1,2,1);
insert into DET values (10676,19,7,5);
insert into DET values (10676,44,21,1);
insert into DET values (10677,26,30,1);
insert into DET values (10677,33,8,1);
insert into DET values (10678,12,1,1);
insert into DET values (10678,33,30,1);
insert into DET values (10678,41,120,1);
insert into DET values (10678,54,30,1);
insert into DET values (10679,59,12,1);
insert into DET values (10680,16,50,1);
insert into DET values (10680,31,1,1);
insert into DET values (10680,42,40,1);
insert into DET values (10681,19,30,5);
insert into DET values (10681,21,12,1);
insert into DET values (10681,64,28,1);
insert into DET values (10682,33,30,1);
insert into DET values (10682,66,4,1);
insert into DET values (10682,75,30,1);
insert into DET values (10683,52,9,1);
insert into DET values (10684,40,1,1);
insert into DET values (10684,47,40,1);
insert into DET values (10684,60,30,1);
insert into DET values (10685,1,1,1);
insert into DET values (10685,41,4,1);
insert into DET values (10685,47,1,1);
insert into DET values (10686,17,30,1);
insert into DET values (10686,26,1,1);
insert into DET values (10687,9,50,1);
insert into DET values (10687,29,1,1);
insert into DET values (10687,36,6,1);
insert into DET values (10688,1,18,1);
insert into DET values (10688,28,60,1);
insert into DET values (10688,34,14,1);
insert into DET values (10689,1,35,1);
insert into DET values (10690,56,1,1);
insert into DET values (10690,77,30,1);
insert into DET values (10691,1,30,1);
insert into DET values (10691,29,40,1);
insert into DET values (10691,43,40,1);
insert into DET values (10691,44,24,1);
insert into DET values (10691,62,48,1);
insert into DET values (10692,63,1,1);
insert into DET values (10693,9,6,1);
insert into DET values (10693,54,60,1);
insert into DET values (10693,69,30,1);
insert into DET values (10693,73,1,1);
insert into DET values (10694,7,90,1);
insert into DET values (10694,59,1,1);
insert into DET values (10694,70,50,1);
insert into DET values (10695,8,1,1);
insert into DET values (10695,12,4,1);
insert into DET values (10695,24,1,1);
insert into DET values (10696,17,1,1);
insert into DET values (10696,46,18,1);
insert into DET values (10697,19,7,5);
insert into DET values (10697,35,9,1);
insert into DET values (10697,58,30,1);
insert into DET values (10697,70,30,1);
insert into DET values (10698,11,1,1);
insert into DET values (10698,17,8,1);
insert into DET values (10698,29,12,1);
insert into DET values (10698,65,65,1);
insert into DET values (10698,70,8,1);
insert into DET values (10699,47,12,1);
insert into DET values (10700,1,5,1);
insert into DET values (10700,34,12,1);
insert into DET values (10700,68,40,1);
insert into DET values (10700,71,60,1);
insert into DET values (10701,59,42,1);
insert into DET values (10701,71,1,1);
insert into DET values (10701,76,35,1);
insert into DET values (10702,3,6,1);
insert into DET values (10702,76,1,1);
insert into DET values (10703,2,5,1);
insert into DET values (10703,59,35,1);
insert into DET values (10703,73,35,1);
insert into DET values (10704,4,6,1);
insert into DET values (10704,24,35,1);
insert into DET values (10704,48,24,1);
insert into DET values (10705,31,1,1);
insert into DET values (10705,32,4,1);
insert into DET values (10706,16,1,1);
insert into DET values (10706,43,24,1);
insert into DET values (10706,59,8,1);
insert into DET values (10707,55,21,1);
insert into DET values (10707,57,40,1);
insert into DET values (10707,70,28,1);
insert into DET values (10708,5,4,1);
insert into DET values (10708,36,5,1);
insert into DET values (10709,8,40,1);
insert into DET values (10709,51,28,1);
insert into DET values (10709,60,1,1);
insert into DET values (10710,19,5,5);
insert into DET values (10710,47,5,1);
insert into DET values (10711,19,12,5);
insert into DET values (10711,41,42,1);
insert into DET values (10711,53,120,1);
insert into DET values (10712,53,3,1);
insert into DET values (10712,56,30,1);
insert into DET values (10713,1,18,1);
insert into DET values (10713,26,30,1);
insert into DET values (10713,45,110,1);
insert into DET values (10713,46,24,1);
insert into DET values (10714,2,30,1);
insert into DET values (10714,17,27,1);
insert into DET values (10714,47,50,1);
insert into DET values (10714,56,18,1);
insert into DET values (10714,58,12,1);
insert into DET values (10715,1,21,1);
insert into DET values (10715,71,30,1);
insert into DET values (10716,21,5,1);
insert into DET values (10716,51,7,1);
insert into DET values (10716,61,1,1);
insert into DET values (10717,21,32,1);
insert into DET values (10717,54,1,1);
insert into DET values (10717,69,1,1);
insert into DET values (10718,12,36,1);
insert into DET values (10718,16,1,1);
insert into DET values (10718,36,40,1);
insert into DET values (10718,62,1,1);
insert into DET values (10719,18,12,1);
insert into DET values (10719,30,3,10);
insert into DET values (10719,54,40,1);
insert into DET values (10720,35,21,1);
insert into DET values (10720,71,8,1);
insert into DET values (10721,44,50,1);
insert into DET values (10722,2,3,1);
insert into DET values (10722,31,50,1);
insert into DET values (10722,68,45,1);
insert into DET values (10722,75,42,1);
insert into DET values (10723,26,1,1);
insert into DET values (10724,1,16,1);
insert into DET values (10724,61,5,1);
insert into DET values (10725,41,12,1);
insert into DET values (10725,52,4,1);
insert into DET values (10725,55,6,1);
insert into DET values (10726,4,1,1);
insert into DET values (10726,11,5,1);
insert into DET values (10727,17,1,1);
insert into DET values (10727,56,1,1);
insert into DET values (10727,59,1,1);
insert into DET values (10728,30,1,10);
insert into DET values (10728,40,6,1);
insert into DET values (10728,55,12,1);
insert into DET values (10728,60,1,1);
insert into DET values (10729,1,50,1);
insert into DET values (10729,21,30,1);
insert into DET values (10729,50,40,1);
insert into DET values (10730,16,1,1);
insert into DET values (10730,31,3,1);
insert into DET values (10730,65,1,1);
insert into DET values (10731,21,40,1);
insert into DET values (10731,51,30,1);
insert into DET values (10732,76,1,1);
insert into DET values (10733,14,16,1);
insert into DET values (10733,28,1,1);
insert into DET values (10733,52,1,1);
insert into DET values (10734,6,30,1);
insert into DET values (10734,30,1,10);
insert into DET values (10734,76,1,1);
insert into DET values (10735,61,1,1);
insert into DET values (10735,77,2,1);
insert into DET values (10736,65,40,1);
insert into DET values (10736,75,1,1);
insert into DET values (10737,13,4,1);
insert into DET values (10737,41,12,1);
insert into DET values (10738,16,3,1);
insert into DET values (10739,36,6,1);
insert into DET values (10739,52,18,1);
insert into DET values (10740,28,5,1);
insert into DET values (10740,35,35,1);
insert into DET values (10740,45,40,1);
insert into DET values (10740,56,14,1);
insert into DET values (10741,2,1,1);
insert into DET values (10742,3,1,1);
insert into DET values (10742,60,50,1);
insert into DET values (10742,72,35,1);
insert into DET values (10743,46,28,1);
insert into DET values (10744,40,50,1);
insert into DET values (10745,18,24,1);
insert into DET values (10745,44,16,1);
insert into DET values (10745,59,45,1);
insert into DET values (10745,72,7,1);
insert into DET values (10746,13,6,1);
insert into DET values (10746,42,28,1);
insert into DET values (10746,62,9,1);
insert into DET values (10746,69,40,1);
insert into DET values (10747,31,8,1);
insert into DET values (10747,41,35,1);
insert into DET values (10747,63,9,1);
insert into DET values (10747,69,30,1);
insert into DET values (10748,23,44,1);
insert into DET values (10748,40,40,1);
insert into DET values (10748,56,28,1);
insert into DET values (10749,56,1,1);
insert into DET values (10749,59,6,1);
insert into DET values (10749,76,1,1);
insert into DET values (10750,14,5,1);
insert into DET values (10750,45,40,1);
insert into DET values (10750,59,1,1);
insert into DET values (10751,26,12,1);
insert into DET values (10751,30,30,10);
insert into DET values (10751,50,1,1);
insert into DET values (10751,73,1,1);
insert into DET values (10752,1,8,1);
insert into DET values (10752,69,3,1);
insert into DET values (10753,45,4,1);
insert into DET values (10753,74,5,1);
insert into DET values (10754,40,3,1);
insert into DET values (10755,47,30,1);
insert into DET values (10755,56,30,1);
insert into DET values (10755,57,14,1);
insert into DET values (10755,69,1,1);
insert into DET values (10756,18,21,1);
insert into DET values (10756,36,1,1);
insert into DET values (10756,68,6,1);
insert into DET values (10756,69,1,1);
insert into DET values (10757,34,30,1);
insert into DET values (10757,59,7,1);
insert into DET values (10757,62,30,1);
insert into DET values (10757,64,24,1);
insert into DET values (10758,26,1,1);
insert into DET values (10758,52,60,1);
insert into DET values (10758,70,40,1);
insert into DET values (10759,32,1,1);
insert into DET values (10760,1,12,1);
insert into DET values (10760,27,40,5);
insert into DET values (10760,43,30,1);
insert into DET values (10761,1,35,1);
insert into DET values (10761,75,18,1);
insert into DET values (10762,39,16,1);
insert into DET values (10762,47,30,1);
insert into DET values (10762,51,28,1);
insert into DET values (10762,56,60,1);
insert into DET values (10763,21,40,1);
insert into DET values (10763,22,6,1);
insert into DET values (10763,24,1,1);
insert into DET values (10764,3,1,1);
insert into DET values (10764,39,130,1);
insert into DET values (10765,65,80,1);
insert into DET values (10766,2,40,1);
insert into DET values (10766,7,35,1);
insert into DET values (10766,68,40,1);
insert into DET values (10767,42,2,1);
insert into DET values (10768,22,4,1);
insert into DET values (10768,31,50,1);
insert into DET values (10768,60,1,1);
insert into DET values (10768,71,12,1);
insert into DET values (10769,41,30,1);
insert into DET values (10769,52,1,1);
insert into DET values (10769,61,1,1);
insert into DET values (10769,62,1,1);
insert into DET values (10770,11,1,1);
insert into DET values (10771,71,16,1);
insert into DET values (10772,29,18,1);
insert into DET values (10772,59,1,1);
insert into DET values (10773,17,33,1);
insert into DET values (10773,31,70,1);
insert into DET values (10773,75,7,1);
insert into DET values (10774,31,2,1);
insert into DET values (10774,66,50,1);
insert into DET values (10775,1,6,1);
insert into DET values (10775,67,3,1);
insert into DET values (10776,31,16,1);
insert into DET values (10776,42,12,1);
insert into DET values (10776,45,27,1);
insert into DET values (10776,51,120,1);
insert into DET values (10777,42,1,1);
insert into DET values (10778,41,1,1);
insert into DET values (10779,16,1,1);
insert into DET values (10779,62,1,1);
insert into DET values (10780,70,35,1);
insert into DET values (10780,77,1,1);
insert into DET values (10781,54,3,1);
insert into DET values (10781,56,1,1);
insert into DET values (10781,74,35,1);
insert into DET values (10782,31,1,1);
insert into DET values (10783,31,1,1);
insert into DET values (10783,38,5,1);
insert into DET values (10784,36,30,1);
insert into DET values (10784,39,2,1);
insert into DET values (10784,72,30,1);
insert into DET values (10785,1,1,1);
insert into DET values (10785,75,1,1);
insert into DET values (10786,8,30,1);
insert into DET values (10786,30,1,10);
insert into DET values (10786,75,42,1);
insert into DET values (10787,2,1,1);
insert into DET values (10787,29,1,1);
insert into DET values (10788,19,50,5);
insert into DET values (10788,75,40,1);
insert into DET values (10789,18,30,1);
insert into DET values (10789,35,1,1);
insert into DET values (10789,63,30,1);
insert into DET values (10789,68,18,1);
insert into DET values (10790,7,3,1);
insert into DET values (10790,56,1,1);
insert into DET values (10791,29,14,1);
insert into DET values (10791,41,1,1);
insert into DET values (10792,2,1,1);
insert into DET values (10792,54,3,1);
insert into DET values (10792,68,1,1);
insert into DET values (10793,41,14,1);
insert into DET values (10793,52,8,1);
insert into DET values (10794,14,1,1);
insert into DET values (10794,54,6,1);
insert into DET values (10795,16,65,1);
insert into DET values (10795,17,35,1);
insert into DET values (10796,26,21,1);
insert into DET values (10796,44,1,1);
insert into DET values (10796,64,35,1);
insert into DET values (10796,69,24,1);
insert into DET values (10797,11,1,1);
insert into DET values (10798,62,2,1);
insert into DET values (10798,72,1,1);
insert into DET values (10799,13,1,1);
insert into DET values (10799,24,1,1);
insert into DET values (10799,59,1,1);
insert into DET values (10800,11,50,1);
insert into DET values (10800,51,1,1);
insert into DET values (10800,54,7,1);
insert into DET values (10801,17,40,1);
insert into DET values (10801,29,1,1);
insert into DET values (10802,30,1,10);
insert into DET values (10802,51,30,1);
insert into DET values (10802,55,60,1);
insert into DET values (10802,62,5,1);
insert into DET values (10803,1,1,1);
insert into DET values (10803,19,24,5);
insert into DET values (10803,59,1,1);
insert into DET values (10804,1,36,1);
insert into DET values (10804,28,24,1);
insert into DET values (10804,49,4,1);
insert into DET values (10805,34,1,1);
insert into DET values (10805,38,1,1);
insert into DET values (10806,2,1,1);
insert into DET values (10806,65,2,1);
insert into DET values (10806,74,1,1);
insert into DET values (10807,40,1,1);
insert into DET values (10808,56,1,1);
insert into DET values (10808,76,50,1);
insert into DET values (10809,52,1,1);
insert into DET values (10810,1,5,1);
insert into DET values (10810,13,7,1);
insert into DET values (10810,70,5,1);
insert into DET values (10811,19,1,5);
insert into DET values (10811,23,18,1);
insert into DET values (10811,40,30,1);
insert into DET values (10812,31,16,1);
insert into DET values (10812,72,40,1);
insert into DET values (10812,77,1,1);
insert into DET values (10813,2,12,1);
insert into DET values (10813,46,35,1);
insert into DET values (10814,41,1,1);
insert into DET values (10814,43,1,1);
insert into DET values (10814,48,8,1);
insert into DET values (10814,61,30,1);
insert into DET values (10815,33,16,1);
insert into DET values (10816,38,30,1);
insert into DET values (10816,62,1,1);
insert into DET values (10817,26,40,1);
insert into DET values (10817,38,30,1);
insert into DET values (10817,40,60,1);
insert into DET values (10817,62,1,1);
insert into DET values (10818,32,1,1);
insert into DET values (10818,41,1,1);
insert into DET values (10819,43,7,1);
insert into DET values (10819,75,1,1);
insert into DET values (10820,56,30,1);
insert into DET values (10821,35,1,1);
insert into DET values (10821,51,6,1);
insert into DET values (10822,62,3,1);
insert into DET values (10822,70,6,1);
insert into DET values (10823,11,1,1);
insert into DET values (10823,57,1,1);
insert into DET values (10823,59,40,1);
insert into DET values (10823,77,1,1);
insert into DET values (10824,41,12,1);
insert into DET values (10824,70,9,1);
insert into DET values (10825,26,12,1);
insert into DET values (10825,53,1,1);
insert into DET values (10826,31,35,1);
insert into DET values (10826,57,1,1);
insert into DET values (10827,1,1,1);
insert into DET values (10827,39,21,1);
insert into DET values (10828,1,5,1);
insert into DET values (10828,38,2,1);
insert into DET values (10829,2,1,1);
insert into DET values (10829,8,1,1);
insert into DET values (10829,13,1,1);
insert into DET values (10829,60,21,1);
insert into DET values (10830,6,6,1);
insert into DET values (10830,39,28,1);
insert into DET values (10830,60,30,1);
insert into DET values (10830,68,24,1);
insert into DET values (10831,19,2,5);
insert into DET values (10831,35,8,1);
insert into DET values (10831,38,8,1);
insert into DET values (10831,43,9,1);
insert into DET values (10832,1,1,1);
insert into DET values (10832,13,3,1);
insert into DET values (10832,44,16,1);
insert into DET values (10832,64,3,1);
insert into DET values (10833,7,1,1);
insert into DET values (10833,31,9,1);
insert into DET values (10833,53,9,1);
insert into DET values (10834,29,8,1);
insert into DET values (10834,30,1,10);
insert into DET values (10835,59,1,1);
insert into DET values (10835,77,2,1);
insert into DET values (10836,22,52,1);
insert into DET values (10836,35,6,1);
insert into DET values (10836,57,24,1);
insert into DET values (10836,60,60,1);
insert into DET values (10836,64,30,1);
insert into DET values (10837,13,6,1);
insert into DET values (10837,40,1,1);
insert into DET values (10837,47,40,1);
insert into DET values (10837,76,21,1);
insert into DET values (10838,1,4,1);
insert into DET values (10838,18,1,1);
insert into DET values (10838,36,50,1);
insert into DET values (10839,58,30,1);
insert into DET values (10839,72,1,1);
insert into DET values (10840,1,6,1);
insert into DET values (10840,39,1,1);
insert into DET values (10841,1,16,1);
insert into DET values (10841,56,30,1);
insert into DET values (10841,59,50,1);
insert into DET values (10841,77,1,1);
insert into DET values (10842,11,1,1);
insert into DET values (10842,43,5,1);
insert into DET values (10842,68,1,1);
insert into DET values (10842,70,12,1);
insert into DET values (10843,51,4,1);
insert into DET values (10844,22,35,1);
insert into DET values (10845,23,70,1);
insert into DET values (10845,35,1,1);
insert into DET values (10845,42,42,1);
insert into DET values (10845,58,60,1);
insert into DET values (10845,64,48,1);
insert into DET values (10846,4,21,1);
insert into DET values (10846,70,30,1);
insert into DET values (10846,74,1,1);
insert into DET values (10847,1,80,1);
insert into DET values (10847,19,12,5);
insert into DET values (10847,37,60,1);
insert into DET values (10847,45,36,1);
insert into DET values (10847,60,45,1);
insert into DET values (10847,71,55,1);
insert into DET values (10848,5,30,1);
insert into DET values (10848,9,3,1);
insert into DET values (10849,3,49,1);
insert into DET values (10849,26,18,1);
insert into DET values (10850,1,1,1);
insert into DET values (10850,33,4,1);
insert into DET values (10850,70,30,1);
insert into DET values (10851,1,1,1);
insert into DET values (10851,2,5,1);
insert into DET values (10851,57,1,1);
insert into DET values (10851,59,42,1);
insert into DET values (10852,2,1,1);
insert into DET values (10852,17,6,1);
insert into DET values (10852,62,50,1);
insert into DET values (10853,18,1,1);
insert into DET values (10854,1,1,1);
insert into DET values (10854,13,65,1);
insert into DET values (10855,16,50,1);
insert into DET values (10855,31,14,1);
insert into DET values (10855,56,24,1);
insert into DET values (10855,65,1,1);
insert into DET values (10856,2,1,1);
insert into DET values (10856,42,1,1);
insert into DET values (10857,3,30,1);
insert into DET values (10857,26,35,1);
insert into DET values (10857,29,1,1);
insert into DET values (10858,7,5,1);
insert into DET values (10858,27,1,5);
insert into DET values (10858,70,4,1);
insert into DET values (10859,24,40,1);
insert into DET values (10859,54,35,1);
insert into DET values (10859,64,30,1);
insert into DET values (10860,51,3,1);
insert into DET values (10860,76,1,1);
insert into DET values (10861,17,42,1);
insert into DET values (10861,18,1,1);
insert into DET values (10861,21,40,1);
insert into DET values (10861,33,35,1);
insert into DET values (10861,62,3,1);
insert into DET values (10862,11,1,1);
insert into DET values (10862,52,8,1);
insert into DET values (10863,1,1,1);
insert into DET values (10863,58,12,1);
insert into DET values (10864,35,4,1);
insert into DET values (10864,67,1,1);
insert into DET values (10865,38,60,1);
insert into DET values (10865,39,80,1);
insert into DET values (10866,2,21,1);
insert into DET values (10866,24,6,1);
insert into DET values (10866,30,40,10);
insert into DET values (10867,53,3,1);
insert into DET values (10868,26,1,1);
insert into DET values (10868,35,30,1);
insert into DET values (10868,49,42,1);
insert into DET values (10869,1,40,1);
insert into DET values (10869,11,1,1);
insert into DET values (10869,23,50,1);
insert into DET values (10869,68,1,1);
insert into DET values (10870,35,3,1);
insert into DET values (10870,51,2,1);
insert into DET values (10871,6,50,1);
insert into DET values (10871,16,12,1);
insert into DET values (10871,17,16,1);
insert into DET values (10872,55,1,1);
insert into DET values (10872,62,1,1);
insert into DET values (10872,64,1,1);
insert into DET values (10872,65,21,1);
insert into DET values (10873,21,1,1);
insert into DET values (10873,28,3,1);
insert into DET values (10874,1,1,1);
insert into DET values (10875,19,1,5);
insert into DET values (10875,47,21,1);
insert into DET values (10875,49,1,1);
insert into DET values (10876,46,21,1);
insert into DET values (10876,64,1,1);
insert into DET values (10877,16,30,1);
insert into DET values (10877,18,1,1);
insert into DET values (10878,1,1,1);
insert into DET values (10879,40,12,1);
insert into DET values (10879,65,1,1);
insert into DET values (10879,76,1,1);
insert into DET values (10880,23,30,1);
insert into DET values (10880,61,30,1);
insert into DET values (10880,70,50,1);
insert into DET values (10881,73,1,1);
insert into DET values (10882,42,1,1);
insert into DET values (10882,49,1,1);
insert into DET values (10882,54,32,1);
insert into DET values (10883,24,8,1);
insert into DET values (10884,21,40,1);
insert into DET values (10884,56,21,1);
insert into DET values (10884,65,12,1);
insert into DET values (10885,2,1,1);
insert into DET values (10885,24,12,1);
insert into DET values (10885,70,30,1);
insert into DET values (10885,77,1,1);
insert into DET values (10886,1,70,1);
insert into DET values (10886,31,35,1);
insert into DET values (10886,77,40,1);
insert into DET values (10887,1,5,1);
insert into DET values (10888,2,1,1);
insert into DET values (10888,68,18,1);
insert into DET values (10889,11,40,1);
insert into DET values (10889,38,40,1);
insert into DET values (10890,17,1,1);
insert into DET values (10890,34,1,1);
insert into DET values (10890,41,14,1);
insert into DET values (10891,30,1,10);
insert into DET values (10892,59,40,1);
insert into DET values (10893,8,30,1);
insert into DET values (10893,24,1,1);
insert into DET values (10893,29,24,1);
insert into DET values (10893,30,35,10);
insert into DET values (10893,36,1,1);
insert into DET values (10894,13,28,1);
insert into DET values (10894,69,50,1);
insert into DET values (10894,75,120,1);
insert into DET values (10895,24,110,1);
insert into DET values (10895,39,45,1);
insert into DET values (10895,40,91,1);
insert into DET values (10895,60,1,1);
insert into DET values (10896,45,1,1);
insert into DET values (10896,56,16,1);
insert into DET values (10897,29,80,1);
insert into DET values (10897,30,36,10);
insert into DET values (10898,13,5,1);
insert into DET values (10899,39,8,1);
insert into DET values (10900,70,3,1);
insert into DET values (10901,41,30,1);
insert into DET values (10901,71,30,1);
insert into DET values (10902,55,30,1);
insert into DET values (10902,62,6,1);
insert into DET values (10903,13,40,1);
insert into DET values (10903,65,21,1);
insert into DET values (10903,68,1,1);
insert into DET values (10904,58,1,1);
insert into DET values (10904,62,35,1);
insert into DET values (10905,1,1,1);
insert into DET values (10906,61,1,1);
insert into DET values (10907,75,14,1);
insert into DET values (10908,7,1,1);
insert into DET values (10908,52,14,1);
insert into DET values (10909,7,12,1);
insert into DET values (10909,16,1,1);
insert into DET values (10909,41,5,1);
insert into DET values (10910,19,12,5);
insert into DET values (10910,49,1,1);
insert into DET values (10910,61,5,1);
insert into DET values (10911,1,1,1);
insert into DET values (10911,17,12,1);
insert into DET values (10911,67,1,1);
insert into DET values (10912,11,40,1);
insert into DET values (10912,29,60,1);
insert into DET values (10913,4,30,1);
insert into DET values (10913,33,40,1);
insert into DET values (10913,58,1,1);
insert into DET values (10914,71,1,1);
insert into DET values (10915,17,1,1);
insert into DET values (10915,33,30,1);
insert into DET values (10915,54,1,1);
insert into DET values (10916,16,6,1);
insert into DET values (10916,32,6,1);
insert into DET values (10916,57,1,1);
insert into DET values (10917,30,1,10);
insert into DET values (10917,60,1,1);
insert into DET values (10918,1,60,1);
insert into DET values (10918,60,1,1);
insert into DET values (10919,1,24,1);
insert into DET values (10919,16,24,1);
insert into DET values (10919,40,1,1);
insert into DET values (10920,50,24,1);
insert into DET values (10921,35,1,1);
insert into DET values (10921,63,40,1);
insert into DET values (10922,17,1,1);
insert into DET values (10922,24,35,1);
insert into DET values (10923,42,1,1);
insert into DET values (10923,43,1,1);
insert into DET values (10923,67,24,1);
insert into DET values (10924,1,1,1);
insert into DET values (10924,28,30,1);
insert into DET values (10924,75,6,1);
insert into DET values (10925,36,1,1);
insert into DET values (10925,52,12,1);
insert into DET values (10926,11,2,1);
insert into DET values (10926,13,1,1);
insert into DET values (10926,19,7,5);
insert into DET values (10926,72,1,1);
insert into DET values (10927,1,5,1);
insert into DET values (10927,52,5,1);
insert into DET values (10927,76,1,1);
insert into DET values (10928,47,5,1);
insert into DET values (10928,76,5,1);
insert into DET values (10929,21,60,1);
insert into DET values (10929,75,49,1);
insert into DET values (10929,77,1,1);
insert into DET values (10930,21,36,1);
insert into DET values (10930,27,1,5);
insert into DET values (10930,55,1,1);
insert into DET values (10930,58,30,1);
insert into DET values (10931,13,42,1);
insert into DET values (10931,57,30,1);
insert into DET values (10932,16,30,1);
insert into DET values (10932,62,14,1);
insert into DET values (10932,72,16,1);
insert into DET values (10932,75,1,1);
insert into DET values (10933,53,2,1);
insert into DET values (10933,61,30,1);
insert into DET values (10934,6,1,1);
insert into DET values (10935,1,21,1);
insert into DET values (10935,18,4,1);
insert into DET values (10935,23,8,1);
insert into DET values (10936,36,30,1);
insert into DET values (10937,28,8,1);
insert into DET values (10937,34,1,1);
insert into DET values (10938,13,1,1);
insert into DET values (10938,43,24,1);
insert into DET values (10938,60,49,1);
insert into DET values (10938,71,35,1);
insert into DET values (10939,2,1,1);
insert into DET values (10939,67,40,1);
insert into DET values (10940,7,8,1);
insert into DET values (10940,13,1,1);
insert into DET values (10941,31,44,1);
insert into DET values (10941,62,30,1);
insert into DET values (10941,68,80,1);
insert into DET values (10941,72,50,1);
insert into DET values (10942,49,28,1);
insert into DET values (10943,13,1,1);
insert into DET values (10943,22,21,1);
insert into DET values (10943,46,1,1);
insert into DET values (10944,11,5,1);
insert into DET values (10944,44,18,1);
insert into DET values (10944,56,18,1);
insert into DET values (10945,13,1,1);
insert into DET values (10945,31,1,1);
insert into DET values (10946,1,1,1);
insert into DET values (10946,24,1,1);
insert into DET values (10946,77,40,1);
insert into DET values (10947,59,4,1);
insert into DET values (10948,50,9,1);
insert into DET values (10948,51,40,1);
insert into DET values (10948,55,4,1);
insert into DET values (10949,1,30,1);
insert into DET values (10949,6,12,1);
insert into DET values (10949,17,6,1);
insert into DET values (10949,62,60,1);
insert into DET values (10950,4,5,1);
insert into DET values (10951,33,1,1);
insert into DET values (10951,41,6,1);
insert into DET values (10951,75,50,1);
insert into DET values (10952,6,16,1);
insert into DET values (10952,28,2,1);
insert into DET values (10953,1,50,1);
insert into DET values (10953,31,50,1);
insert into DET values (10954,16,28,1);
insert into DET values (10954,31,1,1);
insert into DET values (10954,45,30,1);
insert into DET values (10954,60,24,1);
insert into DET values (10955,75,12,1);
insert into DET values (10956,21,12,1);
insert into DET values (10956,47,14,1);
insert into DET values (10956,51,8,1);
insert into DET values (10957,30,30,10);
insert into DET values (10957,35,40,1);
insert into DET values (10957,64,8,1);
insert into DET values (10958,5,1,1);
insert into DET values (10958,7,6,1);
insert into DET values (10958,72,5,1);
insert into DET values (10959,75,1,1);
insert into DET values (10960,24,1,1);
insert into DET values (10960,41,24,1);
insert into DET values (10961,52,6,1);
insert into DET values (10961,76,60,1);
insert into DET values (10962,7,45,1);
insert into DET values (10962,13,77,1);
insert into DET values (10962,53,1,1);
insert into DET values (10962,69,9,1);
insert into DET values (10962,76,44,1);
insert into DET values (10963,60,2,1);
insert into DET values (10964,18,6,1);
insert into DET values (10964,38,5,1);
insert into DET values (10964,69,1,1);
insert into DET values (10965,51,16,1);
insert into DET values (10966,37,8,1);
insert into DET values (10966,56,12,1);
insert into DET values (10966,62,12,1);
insert into DET values (10967,19,12,5);
insert into DET values (10967,49,40,1);
insert into DET values (10968,12,30,1);
insert into DET values (10968,24,30,1);
insert into DET values (10968,64,4,1);
insert into DET values (10969,46,9,1);
insert into DET values (10970,52,40,1);
insert into DET values (10971,29,14,1);
insert into DET values (10972,17,6,1);
insert into DET values (10972,33,7,1);
insert into DET values (10973,26,5,1);
insert into DET values (10973,41,6,1);
insert into DET values (10973,75,1,1);
insert into DET values (10974,63,1,1);
insert into DET values (10975,8,16,1);
insert into DET values (10975,75,1,1);
insert into DET values (10976,28,1,1);
insert into DET values (10977,39,30,1);
insert into DET values (10977,47,30,1);
insert into DET values (10977,51,1,1);
insert into DET values (10977,63,1,1);
insert into DET values (10978,8,1,1);
insert into DET values (10978,21,40,1);
insert into DET values (10978,40,1,1);
insert into DET values (10978,44,6,1);
insert into DET values (10979,7,18,1);
insert into DET values (10979,12,1,1);
insert into DET values (10979,24,80,1);
insert into DET values (10979,27,30,5);
insert into DET values (10979,31,24,1);
insert into DET values (10979,63,35,1);
insert into DET values (10980,75,40,1);
insert into DET values (10981,38,60,1);
insert into DET values (10982,7,1,1);
insert into DET values (10982,43,9,1);
insert into DET values (10983,13,84,1);
insert into DET values (10983,57,1,1);
insert into DET values (10984,16,55,1);
insert into DET values (10984,24,1,1);
insert into DET values (10984,36,40,1);
insert into DET values (10985,16,36,1);
insert into DET values (10985,18,8,1);
insert into DET values (10985,32,35,1);
insert into DET values (10986,1,1,1);
insert into DET values (10986,11,30,1);
insert into DET values (10986,76,1,1);
insert into DET values (10986,77,1,1);
insert into DET values (10987,7,60,1);
insert into DET values (10987,43,6,1);
insert into DET values (10987,72,1,1);
insert into DET values (10988,7,60,1);
insert into DET values (10988,62,40,1);
insert into DET values (10989,6,40,1);
insert into DET values (10989,11,1,1);
insert into DET values (10989,41,4,1);
insert into DET values (10990,21,65,1);
insert into DET values (10990,34,60,1);
insert into DET values (10990,55,65,1);
insert into DET values (10990,61,66,1);
insert into DET values (10991,2,50,1);
insert into DET values (10991,70,1,1);
insert into DET values (10991,76,90,1);
insert into DET values (10992,72,2,1);
insert into DET values (10993,29,50,1);
insert into DET values (10993,41,35,1);
insert into DET values (10994,59,18,1);
insert into DET values (10995,51,1,1);
insert into DET values (10995,60,4,1);
insert into DET values (10996,42,40,1);
insert into DET values (10997,32,50,1);
insert into DET values (10997,46,1,1);
insert into DET values (10997,52,1,1);
insert into DET values (10998,24,12,1);
insert into DET values (10998,61,7,1);
insert into DET values (10998,74,1,1);
insert into DET values (10998,75,30,1);
insert into DET values (10999,41,1,1);
insert into DET values (10999,51,1,1);
insert into DET values (10999,77,21,1);
insert into DET values (11000,4,1,1);
insert into DET values (11000,24,30,1);
insert into DET values (11000,77,30,1);
insert into DET values (11001,7,60,1);
insert into DET values (11001,22,1,1);
insert into DET values (11001,46,1,1);
insert into DET values (11001,55,6,1);
insert into DET values (11002,13,56,1);
insert into DET values (11002,35,1,1);
insert into DET values (11002,42,24,1);
insert into DET values (11002,55,40,1);
insert into DET values (11003,1,4,1);
insert into DET values (11003,40,1,1);
insert into DET values (11003,52,1,1);
insert into DET values (11004,26,6,1);
insert into DET values (11004,76,6,1);
insert into DET values (11005,1,2,1);
insert into DET values (11005,59,1,1);
insert into DET values (11006,1,8,1);
insert into DET values (11006,29,2,1);
insert into DET values (11007,8,30,1);
insert into DET values (11007,29,1,1);
insert into DET values (11007,42,14,1);
insert into DET values (11008,28,70,1);
insert into DET values (11008,34,90,1);
insert into DET values (11008,71,21,1);
insert into DET values (11009,24,12,1);
insert into DET values (11009,36,18,1);
insert into DET values (11009,60,9,1);
insert into DET values (11010,7,1,1);
insert into DET values (11010,24,1,1);
insert into DET values (11011,58,40,1);
insert into DET values (11011,71,1,1);
insert into DET values (11012,19,50,5);
insert into DET values (11012,60,36,1);
insert into DET values (11012,71,60,1);
insert into DET values (11013,23,1,1);
insert into DET values (11013,42,4,1);
insert into DET values (11013,45,1,1);
insert into DET values (11013,68,2,1);
insert into DET values (11014,41,28,1);
insert into DET values (11015,30,1,10);
insert into DET values (11015,77,18,1);
insert into DET values (11016,31,1,1);
insert into DET values (11016,36,16,1);
insert into DET values (11017,3,1,1);
insert into DET values (11017,59,110,1);
insert into DET values (11017,70,30,1);
insert into DET values (11018,12,1,1);
insert into DET values (11018,18,1,1);
insert into DET values (11018,56,5,1);
insert into DET values (11019,46,3,1);
insert into DET values (11019,49,2,1);
insert into DET values (11020,1,24,1);
insert into DET values (11021,1,1,1);
insert into DET values (11021,2,11,1);
insert into DET values (11021,26,63,1);
insert into DET values (11021,51,44,1);
insert into DET values (11021,72,35,1);
insert into DET values (11022,19,35,5);
insert into DET values (11022,69,30,1);
insert into DET values (11023,7,4,1);
insert into DET values (11023,43,30,1);
insert into DET values (11024,26,12,1);
insert into DET values (11024,33,30,1);
insert into DET values (11024,65,21,1);
insert into DET values (11024,71,50,1);
insert into DET values (11025,1,1,1);
insert into DET values (11025,13,1,1);
insert into DET values (11026,18,8,1);
insert into DET values (11026,51,1,1);
insert into DET values (11027,24,30,1);
insert into DET values (11027,62,21,1);
insert into DET values (11028,55,35,1);
insert into DET values (11028,59,24,1);
insert into DET values (11029,56,1,1);
insert into DET values (11029,63,12,1);
insert into DET values (11030,2,1,1);
insert into DET values (11030,5,70,1);
insert into DET values (11030,29,60,1);
insert into DET values (11030,59,1,1);
insert into DET values (11031,1,45,1);
insert into DET values (11031,13,80,1);
insert into DET values (11031,24,21,1);
insert into DET values (11031,64,1,1);
insert into DET values (11031,71,16,1);
insert into DET values (11032,36,35,1);
insert into DET values (11032,38,1,1);
insert into DET values (11032,59,30,1);
insert into DET values (11033,53,70,1);
insert into DET values (11033,69,36,1);
insert into DET values (11034,21,1,1);
insert into DET values (11034,44,12,1);
insert into DET values (11034,61,6,1);
insert into DET values (11035,1,1,1);
insert into DET values (11035,35,60,1);
insert into DET values (11035,42,30,1);
insert into DET values (11035,54,1,1);
insert into DET values (11036,13,7,1);
insert into DET values (11036,59,30,1);
insert into DET values (11037,70,4,1);
insert into DET values (11038,40,5,1);
insert into DET values (11038,52,2,1);
insert into DET values (11038,71,30,1);
insert into DET values (11039,28,1,1);
insert into DET values (11039,35,24,1);
insert into DET values (11039,49,60,1);
insert into DET values (11039,57,28,1);
insert into DET values (11040,21,1,1);
insert into DET values (11041,2,30,1);
insert into DET values (11041,63,30,1);
insert into DET values (11042,44,1,1);
insert into DET values (11042,61,4,1);
insert into DET values (11043,11,1,1);
insert into DET values (11044,62,12,1);
insert into DET values (11045,33,1,1);
insert into DET values (11045,51,24,1);
insert into DET values (11046,12,1,1);
insert into DET values (11046,32,1,1);
insert into DET values (11046,35,18,1);
insert into DET values (11047,1,1,1);
insert into DET values (11047,5,30,1);
insert into DET values (11048,68,42,1);
insert into DET values (11049,2,1,1);
insert into DET values (11049,12,4,1);
insert into DET values (11050,76,50,1);
insert into DET values (11051,24,1,1);
insert into DET values (11052,43,30,1);
insert into DET values (11052,61,1,1);
insert into DET values (11053,18,35,1);
insert into DET values (11053,32,1,1);
insert into DET values (11053,64,1,1);
insert into DET values (11054,33,1,1);
insert into DET values (11054,67,1,1);
insert into DET values (11055,1,1,1);
insert into DET values (11055,24,1,1);
insert into DET values (11055,51,1,1);
insert into DET values (11055,57,1,1);
insert into DET values (11056,7,40,1);
insert into DET values (11056,55,35,1);
insert into DET values (11056,60,50,1);
insert into DET values (11057,70,3,1);
insert into DET values (11058,21,3,1);
insert into DET values (11058,60,21,1);
insert into DET values (11058,61,4,1);
insert into DET values (11059,13,30,1);
insert into DET values (11059,17,12,1);
insert into DET values (11059,60,35,1);
insert into DET values (11060,60,4,1);
insert into DET values (11060,77,1,1);
insert into DET values (11061,60,1,1);
insert into DET values (11062,53,1,1);
insert into DET values (11062,70,12,1);
insert into DET values (11063,34,30,1);
insert into DET values (11063,40,40,1);
insert into DET values (11063,41,30,1);
insert into DET values (11064,17,77,1);
insert into DET values (11064,41,12,1);
insert into DET values (11064,53,1,1);
insert into DET values (11064,55,4,1);
insert into DET values (11064,68,55,1);
insert into DET values (11065,30,4,10);
insert into DET values (11065,54,1,1);
insert into DET values (11066,16,3,1);
insert into DET values (11066,19,42,5);
insert into DET values (11066,34,35,1);
insert into DET values (11067,41,9,1);
insert into DET values (11068,28,8,1);
insert into DET values (11068,43,36,1);
insert into DET values (11068,77,28,1);
insert into DET values (11069,39,1,1);
insert into DET values (11070,1,40,1);
insert into DET values (11070,2,1,1);
insert into DET values (11070,16,30,1);
insert into DET values (11070,31,1,1);
insert into DET values (11071,7,1,1);
insert into DET values (11071,13,1,1);
insert into DET values (11072,2,8,1);
insert into DET values (11072,41,40,1);
insert into DET values (11072,50,22,1);
insert into DET values (11072,64,130,1);
insert into DET values (11073,11,1,1);
insert into DET values (11073,24,1,1);
insert into DET values (11074,16,14,1);
insert into DET values (11075,2,1,1);
insert into DET values (11075,46,30,1);
insert into DET values (11075,76,2,1);
insert into DET values (11076,6,1,1);
insert into DET values (11076,14,1,1);
insert into DET values (11076,19,1,5);
insert into DET values (11077,1,1,1);
insert into DET values (11077,2,24,1);
insert into DET values (11077,3,4,1);
insert into DET values (11077,4,1,1);
insert into DET values (11077,6,1,2);
insert into DET values (11077,7,1,1);
insert into DET values (11077,8,2,1);
insert into DET values (11077,12,2,1);
insert into DET values (11077,13,4,1);
insert into DET values (11077,14,1,3);
insert into DET values (11077,16,2,3);
insert into DET values (11077,23,2,1);
insert into DET values (11077,32,1,1);
insert into DET values (11077,39,2,1);
insert into DET values (11077,41,3,1);
insert into DET values (11077,46,3,2);
insert into DET values (11077,52,2,1);
insert into DET values (11077,55,2,1);
insert into DET values (11077,60,2,6);
insert into DET values (11077,64,2,3);
insert into DET values (11077,66,1,1);
insert into DET values (11077,73,2,1);
insert into DET values (11077,75,4,1);
insert into DET values (11077,77,2,1);

