datetime,duration_execution,method,environment,step,goal_sample_rate,corner_sample_rate,max_iterations,iterations,path_length
2024-12-18-14-30-48,0.27684521675109863,RRT,env,2,0.1,0.0,375,375,0.0
2024-12-18-14-30-50,1.3960154056549072,RRT*,env,2,0.1,0.0,375,316,70.90636102009273
2024-12-18-14-30-50,0.12630105018615723,RRT,env,2,0.1,0.0,375,375,0.0
2024-12-18-14-30-51,1.535597562789917,RRT*,env,2,0.1,0.0,375,340,82.76463818258496
2024-12-18-14-30-52,0.2191014289855957,RRT,env,2,0.1,0.0,375,164,64.13599047719416
2024-12-18-14-30-53,1.3834176063537598,RRT*,env,2,0.1,0.0,375,375,0.0
2024-12-18-14-30-53,0.13269805908203125,RRT,env,2,0.1,0.0,375,338,72.17070433643829
2024-12-18-14-30-54,1.1562983989715576,RRT*,env,2,0.1,0.0,375,375,0.0
2024-12-18-14-30-54,0.13393950462341309,RRT,env,2,0.1,0.0,375,375,0.0
2024-12-18-14-30-56,1.280362606048584,RRT*,env,2,0.1,0.0,375,375,0.0
2024-12-18-14-30-56,0.14893770217895508,RRT,env,2,0.1,0.0,375,375,0.0
2024-12-18-14-30-57,1.1859333515167236,RRT*,env,2,0.1,0.0,375,375,0.0
2024-12-18-14-30-57,0.14316129684448242,RRT,env,2,0.1,0.0,375,323,68.83262145690972
2024-12-18-14-30-58,1.1990852355957031,RRT*,env,2,0.1,0.0,375,375,0.0
2024-12-18-14-30-59,0.12206840515136719,RRT,env,2,0.1,0.0,375,214,65.4826605313163
2024-12-18-14-31-00,1.1693859100341797,RRT*,env,2,0.1,0.0,375,375,0.0
2024-12-18-14-31-00,0.13439488410949707,RRT,env,2,0.1,0.0,375,270,66.18477195472275
2024-12-18-14-31-01,1.2359466552734375,RRT*,env,2,0.1,0.0,375,335,63.67613276077692
2024-12-18-14-31-01,0.15395808219909668,RRT,env,2,0.1,0.0,375,249,63.446533172648614
2024-12-18-14-31-03,1.3075759410858154,RRT*,env,2,0.1,0.0,375,375,0.0
2024-12-18-14-31-03,0.22651362419128418,RRT,env,2,0.1,0.0,750,432,76.31670689480093
2024-12-18-14-31-07,4.243393659591675,RRT*,env,2,0.1,0.0,750,315,69.95071285692114
2024-12-18-14-31-07,0.2239055633544922,RRT,env,2,0.1,0.0,750,625,69.30689106624638
2024-12-18-14-31-12,5.130068778991699,RRT*,env,2,0.1,0.0,750,136,60.83372187057683
2024-12-18-14-31-13,0.22205376625061035,RRT,env,2,0.1,0.0,750,409,69.07790625418947
2024-12-18-14-31-18,5.126526355743408,RRT*,env,2,0.1,0.0,750,157,61.82294230506709
2024-12-18-14-31-18,0.24724364280700684,RRT,env,2,0.1,0.0,750,615,66.83420189103772
2024-12-18-14-31-21,2.99987530708313,RRT*,env,2,0.1,0.0,750,700,75.63068041008258
2024-12-18-14-31-21,0.22813844680786133,RRT,env,2,0.1,0.0,750,564,81.8517238906346
2024-12-18-14-31-25,3.7242565155029297,RRT*,env,2,0.1,0.0,750,484,68.01654080920467
2024-12-18-14-31-25,0.19400501251220703,RRT,env,2,0.1,0.0,750,323,66.74400504360872
2024-12-18-14-31-30,5.044679641723633,RRT*,env,2,0.1,0.0,750,317,60.810139370897446
2024-12-18-14-31-30,0.1495659351348877,RRT,env,2,0.1,0.0,750,608,77.85229501245415
2024-12-18-14-31-34,4.007178544998169,RRT*,env,2,0.1,0.0,750,405,64.31777221877374
2024-12-18-14-31-35,0.17300772666931152,RRT,env,2,0.1,0.0,750,633,70.38321309847797
2024-12-18-14-31-38,3.588222026824951,RRT*,env,2,0.1,0.0,750,498,61.9422578560629
2024-12-18-14-31-39,0.25150203704833984,RRT,env,2,0.1,0.0,750,450,70.53079128560493
2024-12-18-14-31-42,3.9833757877349854,RRT*,env,2,0.1,0.0,750,460,66.92325926057916
2024-12-18-14-31-43,0.2064366340637207,RRT,env,2,0.1,0.0,750,331,77.87464716382814
2024-12-18-14-31-46,3.7206194400787354,RRT*,env,2,0.1,0.0,750,426,62.011644688189186
2024-12-18-14-31-47,0.4413185119628906,RRT,env,2,0.1,0.0,1500,656,86.3499778129055
2024-12-18-14-32-00,12.641152143478394,RRT*,env,2,0.1,0.0,1500,572,61.725921563645294
2024-12-18-14-32-00,0.4582951068878174,RRT,env,2,0.1,0.0,1500,419,66.1401194120215
2024-12-18-14-32-15,14.90475082397461,RRT*,env,2,0.1,0.0,1500,524,66.36000760306287
2024-12-18-14-32-15,0.3978843688964844,RRT,env,2,0.1,0.0,1500,539,77.67928066877576
2024-12-18-14-32-33,17.607343435287476,RRT*,env,2,0.1,0.0,1500,277,68.41742800725888
2024-12-18-14-32-33,0.38814640045166016,RRT,env,2,0.1,0.0,1500,464,72.26556942163889
2024-12-18-14-32-51,17.70199728012085,RRT*,env,2,0.1,0.0,1500,173,65.3097183894773
2024-12-18-14-32-52,0.5176436901092529,RRT,env,2,0.1,0.0,1500,143,67.73244428080261
2024-12-18-14-33-09,17.12001085281372,RRT*,env,2,0.1,0.0,1500,269,60.440477483799846
2024-12-18-14-33-09,0.4309194087982178,RRT,env,2,0.1,0.0,1500,187,62.19832366928005
2024-12-18-14-33-21,12.104758024215698,RRT*,env,2,0.1,0.0,1500,606,66.55193439073004
2024-12-18-14-33-22,0.4548490047454834,RRT,env,2,0.1,0.0,1500,356,70.56634833353655
2024-12-18-14-33-34,12.058062314987183,RRT*,env,2,0.1,0.0,1500,571,64.98491535620651
2024-12-18-14-33-34,0.431776762008667,RRT,env,2,0.1,0.0,1500,253,67.75990779236881
2024-12-18-14-33-51,17.2362060546875,RRT*,env,2,0.1,0.0,1500,208,59.8512658125806
2024-12-18-14-33-52,0.35929059982299805,RRT,env,2,0.1,0.0,1500,730,69.99054357335383
2024-12-18-14-34-09,17.074016332626343,RRT*,env,2,0.1,0.0,1500,224,64.20843745691192
2024-12-18-14-34-09,0.4772474765777588,RRT,env,2,0.1,0.0,1500,333,63.70449188164143
2024-12-18-14-34-24,14.232030153274536,RRT*,env,2,0.1,0.0,1500,392,60.606698275539856
2024-12-18-14-34-24,0.661872148513794,RRT,env,2,0.1,0.0,2250,484,84.05055777134295
2024-12-18-14-34-55,30.61532711982727,RRT*,env,2,0.1,0.0,2250,502,62.526463070036854
2024-12-18-14-34-56,0.6875228881835938,RRT,env,2,0.1,0.0,2250,377,64.69676411037838
2024-12-18-14-35-31,35.886218786239624,RRT*,env,2,0.1,0.0,2250,214,58.60375329001572
2024-12-18-14-35-32,0.6646568775177002,RRT,env,2,0.1,0.0,2250,366,66.09183057904882
2024-12-18-14-35-56,23.404699563980103,RRT*,env,2,0.1,0.0,2250,846,62.06221608335293
2024-12-18-14-35-56,-0.014011859893798828,RRT,env,2,0.1,0.0,2250,238,62.91012578977592
2024-12-18-14-36-33,37.25701427459717,RRT*,env,2,0.1,0.0,2250,188,57.78812898613623
2024-12-18-14-36-33,0.6772124767303467,RRT,env,2,0.1,0.0,2250,386,71.63034555337293
2024-12-18-14-37-08,34.10237503051758,RRT*,env,2,0.1,0.0,2250,407,66.16179823607284
2024-12-18-14-37-08,0.7903366088867188,RRT,env,2,0.1,0.0,2250,409,67.60543565259724
2024-12-18-14-37-38,29.331825494766235,RRT*,env,2,0.1,0.0,2250,671,66.57481265526356
2024-12-18-14-37-38,0.6732790470123291,RRT,env,2,0.1,0.0,2250,607,72.80134218838646
2024-12-18-14-38-12,33.64020109176636,RRT*,env,2,0.1,0.0,2250,350,60.40729026499374
2024-12-18-14-38-13,0.6305172443389893,RRT,env,2,0.1,0.0,2250,472,73.91183725884063
2024-12-18-14-38-50,37.41774106025696,RRT*,env,2,0.1,0.0,2250,306,60.25314998486046
2024-12-18-14-38-51,0.6301479339599609,RRT,env,2,0.1,0.0,2250,891,73.01612936037739
2024-12-18-14-39-20,29.159887075424194,RRT*,env,2,0.1,0.0,2250,665,58.47168739770129
2024-12-18-14-39-21,0.6463470458984375,RRT,env,2,0.1,0.0,2250,684,75.46851292499622
2024-12-18-14-39-53,32.18107748031616,RRT*,env,2,0.1,0.0,2250,414,60.727234671921664
2024-12-18-14-39-54,0.9610419273376465,RRT,env,2,0.1,0.0,3000,184,68.1930563929634
2024-12-18-14-40-45,51.58028316497803,RRT*,env,2,0.1,0.0,3000,548,60.19030027052426
2024-12-18-14-40-46,1.0618789196014404,RRT,env,2,0.1,0.0,3000,510,74.48168230038874
2024-12-18-14-41-35,48.277347564697266,RRT*,env,2,0.1,0.0,3000,681,62.2634033777759
2024-12-18-14-41-36,1.0688068866729736,RRT,env,2,0.1,0.0,3000,312,72.498808647609
2024-12-18-14-42-27,50.89475202560425,RRT*,env,2,0.1,0.0,3000,728,60.61029432507896
2024-12-18-14-42-28,1.2419414520263672,RRT,env,2,0.1,0.0,3000,204,64.02350835936589
2024-12-18-14-43-32,64.12338209152222,RRT*,env,2,0.1,0.0,3000,114,57.97904523960132
2024-12-18-14-43-33,0.9783041477203369,RRT,env,2,0.1,0.0,3000,144,61.36557738269838
2024-12-18-14-44-27,54.286534786224365,RRT*,env,2,0.1,0.0,3000,580,62.50806712975924
2024-12-18-14-44-28,1.006178855895996,RRT,env,2,0.1,0.0,3000,547,73.23577387591327
2024-12-18-14-45-33,64.39693903923035,RRT*,env,2,0.1,0.0,3000,310,59.667785754201766
2024-12-18-14-45-34,0.9575731754302979,RRT,env,2,0.1,0.0,3000,284,71.10804244060877
2024-12-18-14-46-32,58.49431753158569,RRT*,env,2,0.1,0.0,3000,267,61.617869497511975
2024-12-18-14-46-33,1.0143697261810303,RRT,env,2,0.1,0.0,3000,299,72.10354733322039
2024-12-18-14-47-26,52.914252042770386,RRT*,env,2,0.1,0.0,3000,465,59.69651818876302
2024-12-18-14-47-27,1.0861899852752686,RRT,env,2,0.1,0.0,3000,696,74.5781194823716
2024-12-18-14-48-27,59.81378793716431,RRT*,env,2,0.1,0.0,3000,535,60.57145131165928
2024-12-18-14-48-28,0.9572324752807617,RRT,env,2,0.1,0.0,3000,517,73.39761414583936
2024-12-18-14-49-40,72.09039807319641,RRT*,env,2,0.1,0.0,3000,207,62.32432280310777
2024-12-19-09-22-39,0.17268848419189453,RRT,env,1,0.1,0.0,375,278,66.97462627934019
2024-12-19-09-22-41,1.4076838493347168,RRT*,env,1,0.1,0.0,375,343,67.44909127533114
2024-12-19-09-22-41,0.1366579532623291,RRT,env,1,0.1,0.0,375,375,0.0
2024-12-19-09-22-40,-0.4062676429748535,RRT*,env,1,0.1,0.0,375,375,0.0
2024-12-19-09-22-40,0.1331346035003662,RRT,env,1,0.1,0.0,375,375,0.0
2024-12-19-09-22-42,1.3792855739593506,RRT*,env,1,0.1,0.0,375,375,0.0
2024-12-19-09-22-42,0.1315016746520996,RRT,env,1,0.1,0.0,375,375,0.0
2024-12-19-09-22-43,1.2532835006713867,RRT*,env,1,0.1,0.0,375,375,0.0
2024-12-19-09-22-43,0.10973119735717773,RRT,env,1,0.1,0.0,375,375,0.0
2024-12-19-09-22-45,1.2151179313659668,RRT*,env,1,0.1,0.0,375,375,0.0
2024-12-19-09-22-45,0.10475611686706543,RRT,env,1,0.1,0.0,375,375,0.0
2024-12-19-09-22-46,1.2456674575805664,RRT*,env,1,0.1,0.0,375,375,0.0
2024-12-19-09-22-46,0.12171769142150879,RRT,env,1,0.1,0.0,375,375,0.0
2024-12-19-09-22-47,1.3178009986877441,RRT*,env,1,0.1,0.0,375,375,0.0
2024-12-19-09-22-48,0.13662433624267578,RRT,env,1,0.1,0.0,375,375,0.0
2024-12-19-09-22-49,1.2921199798583984,RRT*,env,1,0.1,0.0,375,375,0.0
2024-12-19-09-22-49,0.11540794372558594,RRT,env,1,0.1,0.0,375,375,0.0
2024-12-19-09-22-50,1.2616896629333496,RRT*,env,1,0.1,0.0,375,375,0.0
2024-12-19-09-22-50,0.12474703788757324,RRT,env,1,0.1,0.0,375,375,0.0
2024-12-19-09-22-52,1.2409424781799316,RRT*,env,1,0.1,0.0,375,375,0.0
2024-12-19-09-22-52,0.19857239723205566,RRT,env,1,0.1,0.0,750,475,68.34488960650299
2024-12-19-09-22-55,2.774624824523926,RRT*,env,1,0.1,0.0,750,626,65.66532592696956
2024-12-19-09-22-55,0.19991111755371094,RRT,env,1,0.1,0.0,750,749,75.76450843172051
2024-12-19-09-22-57,2.6241159439086914,RRT*,env,1,0.1,0.0,750,750,0.0
2024-12-19-09-22-58,0.1839914321899414,RRT,env,1,0.1,0.0,750,588,70.07494351353735
2024-12-19-09-23-02,4.047330856323242,RRT*,env,1,0.1,0.0,750,389,63.99328138793939
2024-12-19-09-23-02,0.22816777229309082,RRT,env,1,0.1,0.0,750,750,0.0
2024-12-19-09-23-05,3.0847597122192383,RRT*,env,1,0.1,0.0,750,637,75.4464540147231
2024-12-19-09-23-05,0.23653697967529297,RRT,env,1,0.1,0.0,750,430,65.5565219791257
2024-12-19-09-23-08,2.572340250015259,RRT*,env,1,0.1,0.0,750,750,0.0
2024-12-19-09-23-08,0.18148422241210938,RRT,env,1,0.1,0.0,750,750,0.0
2024-12-19-09-23-11,2.6167869567871094,RRT*,env,1,0.1,0.0,750,750,0.0
2024-12-19-09-23-11,0.17029905319213867,RRT,env,1,0.1,0.0,750,750,0.0
2024-12-19-09-23-13,2.630802869796753,RRT*,env,1,0.1,0.0,750,722,72.94323426950355
2024-12-19-09-23-14,0.25017476081848145,RRT,env,1,0.1,0.0,750,750,0.0
2024-12-19-09-23-16,2.532461643218994,RRT*,env,1,0.1,0.0,750,750,0.0
2024-12-19-09-23-16,0.2114882469177246,RRT,env,1,0.1,0.0,750,461,65.19446077591994
2024-12-19-09-23-19,2.81710147857666,RRT*,env,1,0.1,0.0,750,750,0.0
2024-12-19-09-23-19,0.21880698204040527,RRT,env,1,0.1,0.0,750,421,70.9622847987376
2024-12-19-09-23-23,3.33901047706604,RRT*,env,1,0.1,0.0,750,569,69.57799868535922
2024-12-19-09-23-23,0.4463043212890625,RRT,env,1,0.1,0.0,1500,561,66.71450461402843
2024-12-19-09-23-35,11.696959972381592,RRT*,env,1,0.1,0.0,1500,807,68.630160804256
2024-12-19-09-23-35,0.38190555572509766,RRT,env,1,0.1,0.0,1500,1001,71.89486170526295
2024-12-19-09-23-44,8.436355113983154,RRT*,env,1,0.1,0.0,1500,953,72.94458089924746
2024-12-19-09-23-44,0.5718481540679932,RRT,env,1,0.1,0.0,1500,986,69.86353086161282
2024-12-19-09-24-04,19.37871217727661,RRT*,env,1,0.1,0.0,1500,425,65.34445153185945
2024-12-19-09-24-04,0.33388233184814453,RRT,env,1,0.1,0.0,1500,1500,0.0
2024-12-19-09-24-14,9.933149814605713,RRT*,env,1,0.1,0.0,1500,690,70.97734073453901
2024-12-19-09-24-14,0.3946957588195801,RRT,env,1,0.1,0.0,1500,1131,75.09744482254699
2024-12-19-09-24-22,7.304636240005493,RRT*,env,1,0.1,0.0,1500,1324,70.80532257917889
2024-12-19-09-24-22,0.3958616256713867,RRT,env,1,0.1,0.0,1500,710,72.2753418172159
2024-12-19-09-24-36,13.564337730407715,RRT*,env,1,0.1,0.0,1500,623,70.58093826572433
2024-12-19-09-24-36,0.43834710121154785,RRT,env,1,0.1,0.0,1500,1462,75.66201495043204
2024-12-19-09-24-48,12.20551323890686,RRT*,env,1,0.1,0.0,1500,713,65.27658556333132
2024-12-19-09-24-49,0.39263343811035156,RRT,env,1,0.1,0.0,1500,1238,78.1845186892018
2024-12-19-09-25-05,15.909673690795898,RRT*,env,1,0.1,0.0,1500,516,72.59975611456576
2024-12-19-09-25-05,0.40430498123168945,RRT,env,1,0.1,0.0,1500,1117,77.13126048344161
2024-12-19-09-25-19,14.251487255096436,RRT*,env,1,0.1,0.0,1500,441,65.85817918767033
2024-12-19-09-25-20,0.40575361251831055,RRT,env,1,0.1,0.0,1500,554,73.94450957686057
2024-12-19-09-25-29,9.306946516036987,RRT*,env,1,0.1,0.0,1500,969,74.95853676308543
2024-12-19-09-25-30,0.6027247905731201,RRT,env,1,0.1,0.0,2250,1135,72.07951621581465
2024-12-19-09-26-04,33.82134556770325,RRT*,env,1,0.1,0.0,2250,407,65.91821769042556
2024-12-19-09-26-04,0.7764019966125488,RRT,env,1,0.1,0.0,2250,1130,77.12990834089459
2024-12-19-09-26-41,36.27618765830994,RRT*,env,1,0.1,0.0,2250,352,63.4421940711022
2024-12-19-09-26-41,0.648587703704834,RRT,env,1,0.1,0.0,2250,561,65.34464950710418
2024-12-19-09-27-00,19.217653036117554,RRT*,env,1,0.1,0.0,2250,1231,66.17705776713703
2024-12-19-09-27-01,0.6197905540466309,RRT,env,1,0.1,0.0,2250,1628,75.17400988255191
2024-12-19-09-27-22,21.31759476661682,RRT*,env,1,0.1,0.0,2250,1164,75.14291605731867
2024-12-19-09-27-23,0.7224688529968262,RRT,env,1,0.1,0.0,2250,406,65.19203091414747
2024-12-19-09-27-46,23.0487642288208,RRT*,env,1,0.1,0.0,2250,1125,66.90512688585692
2024-12-19-09-27-45,-1.1336369514465332,RRT,env,1,0.1,0.0,2250,1744,80.62426474797803
2024-12-19-09-28-17,31.528468370437622,RRT*,env,1,0.1,0.0,2250,623,65.19616901803418
2024-12-19-09-28-16,-0.9786331653594971,RRT,env,1,0.1,0.0,2250,1587,73.93419856728336
2024-12-19-09-28-50,34.632261991500854,RRT*,env,1,0.1,0.0,2250,361,64.77056688774206
2024-12-19-09-28-51,0.652228593826294,RRT,env,1,0.1,0.0,2250,1028,68.93580127790351
2024-12-19-09-29-20,28.661041498184204,RRT*,env,1,0.1,0.0,2250,638,66.20717550799513
2024-12-19-09-29-20,0.5940132141113281,RRT,env,1,0.1,0.0,2250,1136,67.38414809802873
2024-12-19-09-29-44,23.72718644142151,RRT*,env,1,0.1,0.0,2250,949,71.61932554497484
2024-12-19-09-29-45,0.6570961475372314,RRT,env,1,0.1,0.0,2250,764,64.05573798278942
2024-12-19-09-30-12,27.280619859695435,RRT*,env,1,0.1,0.0,2250,597,72.154436342007
2024-12-19-09-30-13,1.0308542251586914,RRT,env,1,0.1,0.0,3000,585,67.50411767942092
2024-12-19-09-30-48,35.34637928009033,RRT*,env,1,0.1,0.0,3000,1284,68.75588952366336
2024-12-19-09-30-49,1.0670926570892334,RRT,env,1,0.1,0.0,3000,350,66.45202009631029
2024-12-19-09-31-44,54.86569595336914,RRT*,env,1,0.1,0.0,3000,603,68.57573856789102
2024-12-19-09-31-45,1.0822415351867676,RRT,env,1,0.1,0.0,3000,559,75.3842550330055
2024-12-19-09-32-42,56.72971296310425,RRT*,env,1,0.1,0.0,3000,817,75.53157169862436
2024-12-19-09-32-43,1.1054668426513672,RRT,env,1,0.1,0.0,3000,599,68.65761066378118
2024-12-19-09-33-21,38.269182205200195,RRT*,env,1,0.1,0.0,3000,1355,80.02777253828323
2024-12-19-09-33-23,1.19362211227417,RRT,env,1,0.1,0.0,3000,1541,74.44361126119239
2024-12-19-09-34-08,44.992090702056885,RRT*,env,1,0.1,0.0,3000,943,69.6988428470758
2024-12-19-09-34-09,1.0259287357330322,RRT,env,1,0.1,0.0,3000,722,63.21612532779636
2024-12-19-09-34-42,33.637084007263184,RRT*,env,1,0.1,0.0,3000,1430,77.40389397831072
2024-12-19-09-34-43,0.9719159603118896,RRT,env,1,0.1,0.0,3000,1251,77.43497455105349
2024-12-19-09-35-26,43.03122901916504,RRT*,env,1,0.1,0.0,3000,924,67.41711599823401
2024-12-19-09-35-27,1.191615104675293,RRT,env,1,0.1,0.0,3000,483,70.61588924456245
2024-12-19-09-36-21,53.91180181503296,RRT*,env,1,0.1,0.0,3000,764,64.13832895442789
2024-12-19-09-36-22,1.0685324668884277,RRT,env,1,0.1,0.0,3000,949,76.25316189243414
2024-12-19-09-37-08,45.321744203567505,RRT*,env,1,0.1,0.0,3000,755,71.33513635284736
2024-12-19-09-37-09,1.0033836364746094,RRT,env,1,0.1,0.0,3000,300,69.33273845405392
2024-12-19-09-38-02,53.24473285675049,RRT*,env,1,0.1,0.0,3000,631,73.91292735872713
2024-12-19-09-38-02,0.15511488914489746,RRT,env,4,0.1,0.0,375,297,71.93168316190791
2024-12-19-09-38-04,1.316080093383789,RRT*,env,4,0.1,0.0,375,375,0.0
2024-12-19-09-38-04,0.1368541717529297,RRT,env,4,0.1,0.0,375,375,0.0
2024-12-19-09-38-05,1.54608154296875,RRT*,env,4,0.1,0.0,375,356,60.532822341179056
2024-12-19-09-38-05,0.13202452659606934,RRT,env,4,0.1,0.0,375,166,71.97512848596567
2024-12-19-09-38-08,2.8027238845825195,RRT*,env,4,0.1,0.0,375,47,65.51643290302573
2024-12-19-09-38-08,0.14059162139892578,RRT,env,4,0.1,0.0,375,101,70.10112249191043
2024-12-19-09-38-10,1.9481744766235352,RRT*,env,4,0.1,0.0,375,213,60.52685150436425
2024-12-19-09-38-10,0.1511993408203125,RRT,env,4,0.1,0.0,375,132,61.9207555431196
2024-12-19-09-38-12,1.617023229598999,RRT*,env,4,0.1,0.0,375,289,63.13435246469932
2024-12-19-09-38-12,0.1409304141998291,RRT,env,4,0.1,0.0,375,166,68.89519658068183
2024-12-19-09-38-14,1.5961263179779053,RRT*,env,4,0.1,0.0,375,312,63.36958988568166
2024-12-19-09-38-14,0.15376043319702148,RRT,env,4,0.1,0.0,375,375,0.0
2024-12-19-09-38-16,1.7016205787658691,RRT*,env,4,0.1,0.0,375,222,67.49723013077369
2024-12-19-09-38-16,0.1292433738708496,RRT,env,4,0.1,0.0,375,370,65.68149857990626
2024-12-19-09-38-18,1.981997013092041,RRT*,env,4,0.1,0.0,375,146,66.87963799049987
2024-12-19-09-38-18,0.1325528621673584,RRT,env,4,0.1,0.0,375,375,0.0
2024-12-19-09-38-20,2.2682230472564697,RRT*,env,4,0.1,0.0,375,115,63.010791037944315
2024-12-19-09-38-20,0.18709492683410645,RRT,env,4,0.1,0.0,375,375,0.0
2024-12-19-09-38-22,1.4883008003234863,RRT*,env,4,0.1,0.0,375,375,0.0
2024-12-19-09-38-22,0.27101778984069824,RRT,env,4,0.1,0.0,750,71,63.55114543406319
2024-12-19-09-38-28,5.612674236297607,RRT*,env,4,0.1,0.0,750,179,64.70096271453816
2024-12-19-09-38-28,0.23850131034851074,RRT,env,4,0.1,0.0,750,251,74.7059411778875
2024-12-19-09-38-34,6.324396133422852,RRT*,env,4,0.1,0.0,750,88,60.80628451007682
2024-12-19-09-38-35,0.23830246925354004,RRT,env,4,0.1,0.0,750,267,68.48819096892706
2024-12-19-09-38-41,5.879764080047607,RRT*,env,4,0.1,0.0,750,314,62.50568190301326
2024-12-19-09-38-41,0.23592591285705566,RRT,env,4,0.1,0.0,750,156,71.44756936539989
2024-12-19-09-38-46,5.39626407623291,RRT*,env,4,0.1,0.0,750,302,60.75130886260356
2024-12-19-09-38-46,0.21788859367370605,RRT,env,4,0.1,0.0,750,267,78.56554989425585
2024-12-19-09-38-50,3.928924798965454,RRT*,env,4,0.1,0.0,750,359,65.46990704632535
2024-12-19-09-38-51,0.2153637409210205,RRT,env,4,0.1,0.0,750,379,72.06876240824138
2024-12-19-09-38-55,4.833246231079102,RRT*,env,4,0.1,0.0,750,347,62.51601695812322
2024-12-19-09-38-56,0.20946502685546875,RRT,env,4,0.1,0.0,750,290,75.95900411143941
2024-12-19-09-39-00,4.790351629257202,RRT*,env,4,0.1,0.0,750,165,63.933984272274486
2024-12-19-09-39-01,0.22238588333129883,RRT,env,4,0.1,0.0,750,530,68.60774829393529
2024-12-19-09-39-07,6.218158483505249,RRT*,env,4,0.1,0.0,750,253,57.494345927440314
2024-12-19-09-39-07,0.2204747200012207,RRT,env,4,0.1,0.0,750,160,67.14411670230878
2024-12-19-09-39-12,4.621644973754883,RRT*,env,4,0.1,0.0,750,313,63.386712759265
2024-12-19-09-39-12,0.3327155113220215,RRT,env,4,0.1,0.0,750,221,65.79561028797178
2024-12-19-09-39-19,6.791161060333252,RRT*,env,4,0.1,0.0,750,160,60.97343964165336
2024-12-19-09-39-19,0.4670577049255371,RRT,env,4,0.1,0.0,1500,129,72.58825938076902
2024-12-19-09-39-38,19.04669451713562,RRT*,env,4,0.1,0.0,1500,391,61.255635340979715
2024-12-19-09-39-39,0.41478848457336426,RRT,env,4,0.1,0.0,1500,286,68.64683793490465
2024-12-19-09-40-00,21.455190181732178,RRT*,env,4,0.1,0.0,1500,266,64.46462487594606
2024-12-19-09-40-01,0.4888458251953125,RRT,env,4,0.1,0.0,1500,433,74.03676353857675
2024-12-19-09-40-27,26.155115604400635,RRT*,env,4,0.1,0.0,1500,193,60.89659781490849
2024-12-19-09-40-27,0.48618650436401367,RRT,env,4,0.1,0.0,1500,143,69.60717170640206
2024-12-19-09-40-55,27.18059015274048,RRT*,env,4,0.1,0.0,1500,186,57.586956746358084
2024-12-19-09-40-55,0.5452580451965332,RRT,env,4,0.1,0.0,1500,110,68.64977303683258
2024-12-19-09-41-21,25.968480110168457,RRT*,env,4,0.1,0.0,1500,177,60.30605769829951
2024-12-19-09-41-22,0.6010029315948486,RRT,env,4,0.1,0.0,1500,526,67.96062314572885
2024-12-19-09-41-47,25.13111662864685,RRT*,env,4,0.1,0.0,1500,188,63.27693126804441
2024-12-19-09-41-47,0.654818058013916,RRT,env,4,0.1,0.0,1500,161,71.99561665482472
2024-12-19-09-42-12,24.488451957702637,RRT*,env,4,0.1,0.0,1500,276,66.07980051019021
2024-12-19-09-42-13,0.5378947257995605,RRT,env,4,0.1,0.0,1500,157,65.0409513435098
2024-12-19-09-42-33,20.866281509399414,RRT*,env,4,0.1,0.0,1500,209,64.69258852805999
2024-12-19-09-42-34,0.4237706661224365,RRT,env,4,0.1,0.0,1500,489,75.63020237259175
2024-12-19-09-42-57,23.236050367355347,RRT*,env,4,0.1,0.0,1500,188,59.64099299416073
2024-12-19-09-42-57,0.42699742317199707,RRT,env,4,0.1,0.0,1500,160,70.5213594616122
2024-12-19-09-43-19,21.175931453704834,RRT*,env,4,0.1,0.0,1500,269,60.65216145668789
2024-12-19-09-43-19,0.7451694011688232,RRT,env,4,0.1,0.0,2250,471,72.5234738892088
2024-12-19-09-44-07,47.433048486709595,RRT*,env,4,0.1,0.0,2250,265,64.62443008078796
2024-12-19-09-44-08,0.7335391044616699,RRT,env,4,0.1,0.0,2250,164,62.11021890244985
2024-12-19-09-45-03,55.690577030181885,RRT*,env,4,0.1,0.0,2250,97,61.05999673604114
2024-12-19-09-45-04,0.8268189430236816,RRT,env,4,0.1,0.0,2250,252,68.75833115795501
2024-12-19-09-45-57,53.32530331611633,RRT*,env,4,0.1,0.0,2250,211,59.25886629038276
2024-12-19-09-45-58,0.7406444549560547,RRT,env,4,0.1,0.0,2250,291,66.00174817775006
2024-12-19-09-46-40,41.52760863304138,RRT*,env,4,0.1,0.0,2250,446,60.36547866214629
2024-12-19-09-46-41,0.7388758659362793,RRT,env,4,0.1,0.0,2250,318,81.68859234874358
2024-12-19-09-47-37,56.86687517166138,RRT*,env,4,0.1,0.0,2250,63,60.005937870216634
2024-12-19-09-47-37,-0.868560791015625,RRT,env,4,0.1,0.0,2250,227,65.52202694765293
2024-12-19-09-48-17,40.46809005737305,RRT*,env,4,0.1,0.0,2250,570,58.018759229816744
2024-12-19-09-48-18,0.8792402744293213,RRT,env,4,0.1,0.0,2250,221,69.84022766671482
2024-12-19-09-49-08,49.63618183135986,RRT*,env,4,0.1,0.0,2250,138,56.85492006710315
2024-12-19-09-49-08,0.8385231494903564,RRT,env,4,0.1,0.0,2250,51,66.38478439229462
2024-12-19-09-49-58,49.19011092185974,RRT*,env,4,0.1,0.0,2250,325,58.0957695739537
2024-12-19-09-49-58,0.6695785522460938,RRT,env,4,0.1,0.0,2250,648,74.10237112388553
2024-12-19-09-50-39,41.00900483131409,RRT*,env,4,0.1,0.0,2250,493,61.84522423828452
2024-12-19-09-50-40,0.8072454929351807,RRT,env,4,0.1,0.0,2250,338,70.86935948969378
2024-12-19-09-51-31,51.23829913139343,RRT*,env,4,0.1,0.0,2250,224,63.55225713835719
2024-12-19-09-51-33,1.2372157573699951,RRT,env,4,0.1,0.0,3000,367,84.40653487749556
2024-12-19-09-53-03,90.55406618118286,RRT*,env,4,0.1,0.0,3000,274,61.4977234236868
2024-12-19-09-53-04,1.1627345085144043,RRT,env,4,0.1,0.0,3000,182,69.57957068164922
2024-12-19-09-54-31,86.63233685493469,RRT*,env,4,0.1,0.0,3000,200,59.678328423202785
2024-12-19-09-54-32,1.2619760036468506,RRT,env,4,0.1,0.0,3000,154,64.72285102280591
2024-12-19-09-56-01,88.40001010894775,RRT*,env,4,0.1,0.0,3000,237,59.64286611901972
2024-12-19-09-56-02,1.1528546810150146,RRT,env,4,0.1,0.0,3000,119,64.64732856090282
2024-12-19-09-57-38,96.07502508163452,RRT*,env,4,0.1,0.0,3000,56,56.998329385334564
2024-12-19-09-57-39,1.1807177066802979,RRT,env,4,0.1,0.0,3000,272,66.19706948242148
2024-12-19-09-59-03,83.98216533660889,RRT*,env,4,0.1,0.0,3000,332,60.44689781089655
2024-12-19-09-59-04,1.041440486907959,RRT,env,4,0.1,0.0,3000,487,79.02828802140371
2024-12-19-10-00-27,83.18139791488647,RRT*,env,4,0.1,0.0,3000,174,65.65821411886981
2024-12-19-10-00-28,1.175389289855957,RRT,env,4,0.1,0.0,3000,109,62.0601574335822
2024-12-19-10-01-47,78.92310118675232,RRT*,env,4,0.1,0.0,3000,483,62.339010640587404
2024-12-19-10-01-48,1.0329980850219727,RRT,env,4,0.1,0.0,3000,327,69.47009721659384
2024-12-19-10-03-25,96.80513715744019,RRT*,env,4,0.1,0.0,3000,208,65.2034702489433
2024-12-19-10-03-25,-0.5756356716156006,RRT,env,4,0.1,0.0,3000,368,72.62326907657172
2024-12-19-10-04-43,78.44364190101624,RRT*,env,4,0.1,0.0,3000,367,62.94492547300074
2024-12-19-10-04-44,1.1197242736816406,RRT,env,4,0.1,0.0,3000,475,91.08867216089541
2024-12-19-10-06-16,92.11369228363037,RRT*,env,4,0.1,0.0,3000,155,56.65179468656911
2024-12-19-10-06-16,0.12018775939941406,RRT,env,8,0.1,0.0,375,351,70.68456127923645
2024-12-19-10-06-19,2.7615060806274414,RRT*,env,8,0.1,0.0,375,75,63.50824588513923
2024-12-19-10-06-19,0.14187026023864746,RRT,env,8,0.1,0.0,375,160,73.32036964942567
2024-12-19-10-06-22,2.502084970474243,RRT*,env,8,0.1,0.0,375,132,66.68459227916694
2024-12-19-10-06-22,0.23951029777526855,RRT,env,8,0.1,0.0,375,144,70.18220611757852
2024-12-19-10-06-24,2.311001777648926,RRT*,env,8,0.1,0.0,375,249,64.19256237945112
2024-12-19-10-06-25,0.15055322647094727,RRT,env,8,0.1,0.0,375,120,65.57850388273232
2024-12-19-10-06-26,1.7614867687225342,RRT*,env,8,0.1,0.0,375,238,66.13377539788935
2024-12-19-10-06-26,0.12726783752441406,RRT,env,8,0.1,0.0,375,334,63.63214379060107
2024-12-19-10-06-28,1.0451886653900146,RRT*,env,8,0.1,0.0,375,130,65.54652575893228
2024-12-19-10-06-28,0.16874265670776367,RRT,env,8,0.1,0.0,375,128,60.63991223986518
2024-12-19-10-06-31,3.0523521900177,RRT*,env,8,0.1,0.0,375,104,71.10518365360181
2024-12-19-10-06-31,0.14005398750305176,RRT,env,8,0.1,0.0,375,360,65.041395519594
2024-12-19-10-06-32,1.5061368942260742,RRT*,env,8,0.1,0.0,375,375,0.0
2024-12-19-10-06-33,0.13778996467590332,RRT,env,8,0.1,0.0,375,319,78.99841523727454
2024-12-19-10-06-34,1.7956600189208984,RRT*,env,8,0.1,0.0,375,250,64.91736953239695
2024-12-19-10-06-35,0.1391432285308838,RRT,env,8,0.1,0.0,375,234,62.098861406278786
2024-12-19-10-06-36,1.3741650581359863,RRT*,env,8,0.1,0.0,375,375,0.0
2024-12-19-10-06-36,0.11763882637023926,RRT,env,8,0.1,0.0,375,375,0.0
2024-12-19-10-06-38,2.0474472045898438,RRT*,env,8,0.1,0.0,375,190,60.0121149291491
2024-12-19-10-06-38,0.24244213104248047,RRT,env,8,0.1,0.0,750,123,81.69647450188609
2024-12-19-10-06-49,10.945517778396606,RRT*,env,8,0.1,0.0,750,99,66.04612566777708
2024-12-19-10-06-50,0.27393078804016113,RRT,env,8,0.1,0.0,750,65,75.20218557047419
2024-12-19-10-06-57,7.845952272415161,RRT*,env,8,0.1,0.0,750,229,63.096230045473646
2024-12-19-10-06-58,0.24648785591125488,RRT,env,8,0.1,0.0,750,271,72.14904679493165
2024-12-19-10-07-04,5.849138975143433,RRT*,env,8,0.1,0.0,750,248,63.30001582435319
2024-12-19-10-07-04,0.23138737678527832,RRT,env,8,0.1,0.0,750,285,68.63312623767781
2024-12-19-10-07-12,8.116783618927002,RRT*,env,8,0.1,0.0,750,164,63.47834678988299
2024-12-19-10-07-12,0.2461557388305664,RRT,env,8,0.1,0.0,750,501,82.01173454796015
2024-12-19-10-07-21,8.483254432678223,RRT*,env,8,0.1,0.0,750,209,63.50398217287929
2024-12-19-10-07-21,0.24122262001037598,RRT,env,8,0.1,0.0,750,109,66.63399201899111
2024-12-19-10-07-29,8.218854665756226,RRT*,env,8,0.1,0.0,750,142,70.42402362609471
2024-12-19-10-07-29,0.258148193359375,RRT,env,8,0.1,0.0,750,401,79.98827513979857
2024-12-19-10-07-40,10.133131742477417,RRT*,env,8,0.1,0.0,750,91,64.06389565602548
2024-12-19-10-07-40,0.24297666549682617,RRT,env,8,0.1,0.0,750,332,65.01157050489253
2024-12-19-10-07-46,6.180826425552368,RRT*,env,8,0.1,0.0,750,334,64.84717362818152
2024-12-19-10-07-46,0.2328498363494873,RRT,env,8,0.1,0.0,750,210,64.21685992717401
2024-12-19-10-07-54,8.30851411819458,RRT*,env,8,0.1,0.0,750,200,66.09374380347039
2024-12-19-10-07-55,0.22653651237487793,RRT,env,8,0.1,0.0,750,325,76.2336279108401
2024-12-19-10-08-02,7.207658290863037,RRT*,env,8,0.1,0.0,750,145,64.817939240621
2024-12-19-10-08-02,0.44789910316467285,RRT,env,8,0.1,0.0,1500,245,62.77905997423307
2024-12-19-10-08-31,28.72634196281433,RRT*,env,8,0.1,0.0,1500,334,73.3632778913162
2024-12-19-10-08-32,0.5007996559143066,RRT,env,8,0.1,0.0,1500,126,66.96744163203256
2024-12-19-10-09-00,28.725760459899902,RRT*,env,8,0.1,0.0,1500,370,63.27438291680413
2024-12-19-10-09-01,0.4647190570831299,RRT,env,8,0.1,0.0,1500,164,67.99725939560437
2024-12-19-10-09-37,36.24169921875,RRT*,env,8,0.1,0.0,1500,73,60.65761904318868
2024-12-19-10-09-38,0.6187074184417725,RRT,env,8,0.1,0.0,1500,62,67.69398807733067
2024-12-19-10-10-10,31.97023582458496,RRT*,env,8,0.1,0.0,1500,236,61.06699736593837
2024-12-19-10-10-10,0.5110177993774414,RRT,env,8,0.1,0.0,1500,298,66.12358165297556
2024-12-19-10-10-49,38.933050870895386,RRT*,env,8,0.1,0.0,1500,150,59.17958900404859
2024-12-19-10-10-50,0.4408707618713379,RRT,env,8,0.1,0.0,1500,360,74.21392401633688
2024-12-19-10-11-14,24.627129554748535,RRT*,env,8,0.1,0.0,1500,511,62.606459786919444
2024-12-19-10-11-15,0.4527781009674072,RRT,env,8,0.1,0.0,1500,85,79.00349695036464
2024-12-19-10-11-53,38.37931847572327,RRT*,env,8,0.1,0.0,1500,234,65.26337417260152
2024-12-19-10-11-54,0.48889803886413574,RRT,env,8,0.1,0.0,1500,209,75.6248796589242
2024-12-19-10-12-27,33.93705105781555,RRT*,env,8,0.1,0.0,1500,200,58.1842241967005
2024-12-19-10-12-28,0.485581636428833,RRT,env,8,0.1,0.0,1500,401,67.46125006095465
2024-12-19-10-13-01,33.00166988372803,RRT*,env,8,0.1,0.0,1500,194,57.25465905767121
2024-12-19-10-13-01,0.4738590717315674,RRT,env,8,0.1,0.0,1500,439,69.23906410055865
2024-12-19-10-13-40,38.32831859588623,RRT*,env,8,0.1,0.0,1500,179,59.801503880078144
2024-12-19-10-13-41,0.7831542491912842,RRT,env,8,0.1,0.0,2250,170,73.22528813348944
2024-12-19-10-15-08,87.8642840385437,RRT*,env,8,0.1,0.0,2250,220,58.77003644867517
2024-12-19-10-15-09,0.8186719417572021,RRT,env,8,0.1,0.0,2250,53,66.6831111498044
2024-12-19-10-16-40,90.54644179344177,RRT*,env,8,0.1,0.0,2250,134,61.27592555548844
2024-12-19-10-16-41,0.941636323928833,RRT,env,8,0.1,0.0,2250,159,71.5743221182671
2024-12-19-10-18-08,87.16979598999023,RRT*,env,8,0.1,0.0,2250,77,64.36877839504284
2024-12-19-10-18-09,0.802126407623291,RRT,env,8,0.1,0.0,2250,323,67.30233228654137
2024-12-19-10-19-37,88.02347135543823,RRT*,env,8,0.1,0.0,2250,130,63.416583829904354
2024-12-19-10-19-38,0.8629310131072998,RRT,env,8,0.1,0.0,2250,264,71.1356278802939
2024-12-19-10-20-53,75.37392663955688,RRT*,env,8,0.1,0.0,2250,227,58.35501357051773
2024-12-19-10-20-54,0.7610633373260498,RRT,env,8,0.1,0.0,2250,181,72.54061156554289
2024-12-19-10-22-23,89.01663422584534,RRT*,env,8,0.1,0.0,2250,107,64.16746827130737
2024-12-19-10-22-24,0.7715816497802734,RRT,env,8,0.1,0.0,2250,334,64.49332265852142
2024-12-19-10-23-46,82.28245067596436,RRT*,env,8,0.1,0.0,2250,171,61.97056855501038
2024-12-19-10-23-47,0.866917610168457,RRT,env,8,0.1,0.0,2250,201,62.697884200756384
2024-12-19-10-25-07,79.76329350471497,RRT*,env,8,0.1,0.0,2250,182,57.85378458208338
2024-12-19-10-25-07,0.7456455230712891,RRT,env,8,0.1,0.0,2250,76,68.79666090543299
2024-12-19-10-26-11,63.995835065841675,RRT*,env,8,0.1,0.0,2250,254,61.434516860864576
2024-12-19-10-26-12,0.7752134799957275,RRT,env,8,0.1,0.0,2250,75,75.85627893550829
2024-12-19-10-27-16,63.80050873756409,RRT*,env,8,0.1,0.0,2250,478,61.1516234766985
2024-12-19-10-27-17,1.232426643371582,RRT,env,8,0.1,0.0,3000,506,73.86546407320714
2024-12-19-10-29-33,136.0769338607788,RRT*,env,8,0.1,0.0,3000,244,59.017130389101155
2024-12-19-10-29-34,1.1028423309326172,RRT,env,8,0.1,0.0,3000,157,75.53838158971686
2024-12-19-10-32-03,148.98549818992615,RRT*,env,8,0.1,0.0,3000,126,60.38438197652179
2024-12-19-10-32-05,1.2671504020690918,RRT,env,8,0.1,0.0,3000,115,70.74865847993225
2024-12-19-10-34-17,132.46721243858337,RRT*,env,8,0.1,0.0,3000,212,63.86730903522365
2024-12-19-10-34-18,1.2138161659240723,RRT,env,8,0.1,0.0,3000,245,68.35393623101088
2024-12-19-10-36-06,107.70913243293762,RRT*,env,8,0.1,0.0,3000,470,61.429152667450104
2024-12-19-10-36-07,1.1304657459259033,RRT,env,8,0.1,0.0,3000,269,89.4264229860586
2024-12-19-10-38-40,152.69976544380188,RRT*,env,8,0.1,0.0,3000,216,60.57058964711316
2024-12-19-10-38-41,1.0846614837646484,RRT,env,8,0.1,0.0,3000,223,73.55729830722473
2024-12-19-10-41-06,144.5685842037201,RRT*,env,8,0.1,0.0,3000,162,58.581662685015026
2024-12-19-10-41-06,0.94553542137146,RRT,env,8,0.1,0.0,3000,214,71.55307209080118
2024-12-19-10-43-46,159.98413252830505,RRT*,env,8,0.1,0.0,3000,219,58.120422000261726
2024-12-19-10-43-48,1.300173044204712,RRT,env,8,0.1,0.0,3000,357,68.1497369095187
2024-12-19-10-46-16,148.15030241012573,RRT*,env,8,0.1,0.0,3000,344,58.94205050108518
2024-12-19-10-46-17,1.0815863609313965,RRT,env,8,0.1,0.0,3000,297,73.3175633465784
2024-12-19-10-48-48,151.1329755783081,RRT*,env,8,0.1,0.0,3000,102,56.97161013301945
2024-12-19-10-48-49,1.0565752983093262,RRT,env,8,0.1,0.0,3000,91,70.13531518111608
2024-12-19-10-51-08,138.82977652549744,RRT*,env,8,0.1,0.0,3000,203,59.642598481345516
2024-12-19-10-51-08,0.12977862358093262,RRT,env,16,0.1,0.0,375,110,74.29865493696254
2024-12-19-10-51-13,5.005865812301636,RRT*,env,16,0.1,0.0,375,90,64.43449841204102
2024-12-19-10-51-13,0.14377999305725098,RRT,env,16,0.1,0.0,375,50,83.19352378214556
2024-12-19-10-51-18,5.099746227264404,RRT*,env,16,0.1,0.0,375,38,67.46458795300062
2024-12-19-10-51-19,0.14578461647033691,RRT,env,16,0.1,0.0,375,193,87.09585967619135
2024-12-19-10-51-21,2.212313413619995,RRT*,env,16,0.1,0.0,375,222,62.97501255800685
2024-12-19-10-51-21,0.14082813262939453,RRT,env,16,0.1,0.0,375,36,67.12557103329942
2024-12-19-10-51-23,2.51710844039917,RRT*,env,16,0.1,0.0,375,177,59.21778924360315
2024-12-19-10-51-24,0.15375304222106934,RRT,env,16,0.1,0.0,375,98,70.12282788951069
2024-12-19-10-51-27,3.1341593265533447,RRT*,env,16,0.1,0.0,375,158,70.87438397559545
2024-12-19-10-51-27,0.16898822784423828,RRT,env,16,0.1,0.0,375,162,80.53068106814077
2024-12-19-10-51-33,5.662548065185547,RRT*,env,16,0.1,0.0,375,29,65.69260582822582
2024-12-19-10-51-33,0.16309380531311035,RRT,env,16,0.1,0.0,375,199,68.04317080990037
2024-12-19-10-51-38,4.7963879108428955,RRT*,env,16,0.1,0.0,375,88,65.35152008191054
2024-12-19-10-51-38,0.1290757656097412,RRT,env,16,0.1,0.0,375,231,72.96080503096262
2024-12-19-10-51-43,5.46649694442749,RRT*,env,16,0.1,0.0,375,61,63.79830076673983
2024-12-19-10-51-43,0.12058448791503906,RRT,env,16,0.1,0.0,375,33,66.00849460990923
2024-12-19-10-51-47,3.262472152709961,RRT*,env,16,0.1,0.0,375,147,60.90017053650456
2024-12-19-10-51-47,0.1471085548400879,RRT,env,16,0.1,0.0,375,90,76.84109056245161
2024-12-19-10-51-49,2.5165164470672607,RRT*,env,16,0.1,0.0,375,183,62.452745601413206
2024-12-19-10-51-50,0.23560023307800293,RRT,env,16,0.1,0.0,750,119,71.61128566257298
2024-12-19-10-52-00,10.449259281158447,RRT*,env,16,0.1,0.0,750,187,63.63382949679126
2024-12-19-10-52-00,0.24619293212890625,RRT,env,16,0.1,0.0,750,93,67.58595545642756
2024-12-19-10-52-16,15.540504455566406,RRT*,env,16,0.1,0.0,750,228,65.08864181194726
2024-12-19-10-52-16,0.258709192276001,RRT,env,16,0.1,0.0,750,208,83.1654764822681
2024-12-19-10-52-33,16.56873607635498,RRT*,env,16,0.1,0.0,750,114,65.84435553305696
2024-12-19-10-52-33,0.24290037155151367,RRT,env,16,0.1,0.0,750,49,63.9005557390013
2024-12-19-10-52-47,13.713024616241455,RRT*,env,16,0.1,0.0,750,173,61.38051280031652
2024-12-19-10-52-47,0.2588181495666504,RRT,env,16,0.1,0.0,750,137,78.10177204829745
2024-12-19-10-53-02,15.380689859390259,RRT*,env,16,0.1,0.0,750,93,61.006054616544155
2024-12-19-10-53-03,0.30327749252319336,RRT,env,16,0.1,0.0,750,122,68.71710764742721
2024-12-19-10-53-13,10.582068681716919,RRT*,env,16,0.1,0.0,750,337,60.09990867795862
2024-12-19-10-53-13,0.29030728340148926,RRT,env,16,0.1,0.0,750,117,69.90109076471069
2024-12-19-10-53-26,12.191520929336548,RRT*,env,16,0.1,0.0,750,204,64.99209666030401
2024-12-19-10-53-26,0.23852896690368652,RRT,env,16,0.1,0.0,750,178,67.59670794980411
2024-12-19-10-53-33,7.188494443893433,RRT*,env,16,0.1,0.0,750,423,64.89145667914372
2024-12-19-10-53-33,0.24816203117370605,RRT,env,16,0.1,0.0,750,253,63.5195190078894
2024-12-19-10-53-48,14.260284900665283,RRT*,env,16,0.1,0.0,750,191,63.13951003734555
2024-12-19-10-53-48,0.18138933181762695,RRT,env,16,0.1,0.0,750,156,71.25157178370213
2024-12-19-10-54-06,17.761614322662354,RRT*,env,16,0.1,0.0,750,138,61.82048086334628
2024-12-19-10-54-06,0.44620513916015625,RRT,env,16,0.1,0.0,1500,110,73.29405798034513
2024-12-19-10-55-18,71.52856397628784,RRT*,env,16,0.1,0.0,1500,137,59.39465287808823
2024-12-19-10-55-18,0.4431140422821045,RRT,env,16,0.1,0.0,1500,254,60.41071400030712
2024-12-19-10-56-40,82.02713871002197,RRT*,env,16,0.1,0.0,1500,75,64.8862431149479
2024-12-19-10-56-40,0.4156210422515869,RRT,env,16,0.1,0.0,1500,91,65.58045768267475
2024-12-19-10-57-46,66.01791167259216,RRT*,env,16,0.1,0.0,1500,194,61.19898918649349
2024-12-19-10-57-47,0.4352707862854004,RRT,env,16,0.1,0.0,1500,294,71.9175086911963
2024-12-19-10-58-48,60.647663831710815,RRT*,env,16,0.1,0.0,1500,232,62.490014112742074
2024-12-19-10-58-48,0.43065571784973145,RRT,env,16,0.1,0.0,1500,50,73.09752727718748
2024-12-19-11-00-04,76.1525297164917,RRT*,env,16,0.1,0.0,1500,95,64.76192562941182
2024-12-19-11-00-05,0.4528462886810303,RRT,env,16,0.1,0.0,1500,32,67.65945800302532
2024-12-19-11-01-26,81.28653812408447,RRT*,env,16,0.1,0.0,1500,30,62.783856164444316
2024-12-19-11-01-26,0.5891671180725098,RRT,env,16,0.1,0.0,1500,142,71.84856524920349
2024-12-19-11-02-39,72.53624844551086,RRT*,env,16,0.1,0.0,1500,99,60.1144560040464
2024-12-19-11-02-39,0.40868616104125977,RRT,env,16,0.1,0.0,1500,171,68.95019491926953
2024-12-19-11-03-53,73.80950736999512,RRT*,env,16,0.1,0.0,1500,40,64.48070386721616
2024-12-19-11-03-54,0.44682884216308594,RRT,env,16,0.1,0.0,1500,25,66.9914672507029
2024-12-19-11-05-18,84.33223032951355,RRT*,env,16,0.1,0.0,1500,64,65.71643427211393
2024-12-19-11-05-18,0.4266245365142822,RRT,env,16,0.1,0.0,1500,62,73.31571314326185
2024-12-19-11-06-18,59.53850317001343,RRT*,env,16,0.1,0.0,1500,266,62.824956614777065
2024-12-19-11-06-19,0.8532812595367432,RRT,env,16,0.1,0.0,2250,157,72.92733737902927
2024-12-19-11-08-40,141.36801433563232,RRT*,env,16,0.1,0.0,2250,303,63.236166814348174
2024-12-19-11-08-41,0.6995623111724854,RRT,env,16,0.1,0.0,2250,265,82.4527999919174
2024-12-19-11-12-02,200.93843960762024,RRT*,env,16,0.1,0.0,2250,144,57.15458778134859
2024-12-19-11-12-03,0.8676819801330566,RRT,env,16,0.1,0.0,2250,67,74.30937410032843
2024-12-19-11-15-00,177.17792415618896,RRT*,env,16,0.1,0.0,2250,151,59.4753847405394
2024-12-19-11-15-01,0.839961051940918,RRT,env,16,0.1,0.0,2250,333,71.71835099393775
2024-12-19-11-17-49,168.48015594482422,RRT*,env,16,0.1,0.0,2250,152,63.31230386559467
2024-12-19-11-17-50,0.9025723934173584,RRT,env,16,0.1,0.0,2250,160,73.11522745397028
2024-12-19-11-20-59,188.3249635696411,RRT*,env,16,0.1,0.0,2250,49,60.952311772666626
2024-12-19-11-20-59,0.7912578582763672,RRT,env,16,0.1,0.0,2250,38,70.67603862112301
2024-12-19-11-23-07,127.49247169494629,RRT*,env,16,0.1,0.0,2250,458,60.985317991588445
2024-12-19-11-23-08,0.7791643142700195,RRT,env,16,0.1,0.0,2250,103,67.67803816300815
2024-12-19-11-26-08,180.5505816936493,RRT*,env,16,0.1,0.0,2250,184,62.19285231297225
2024-12-19-11-26-09,0.7450120449066162,RRT,env,16,0.1,0.0,2250,335,67.05029634745377
2024-12-19-11-29-16,186.8409504890442,RRT*,env,16,0.1,0.0,2250,115,62.83037868538605
2024-12-19-11-29-17,0.8664636611938477,RRT,env,16,0.1,0.0,2250,99,65.31003932424741
2024-12-19-11-31-47,150.66656351089478,RRT*,env,16,0.1,0.0,2250,228,58.94158789778475
2024-12-19-11-31-48,0.8410053253173828,RRT,env,16,0.1,0.0,2250,31,67.63810485895138
2024-12-19-11-34-42,173.488618850708,RRT*,env,16,0.1,0.0,2250,109,61.44935540955437
2024-12-19-11-34-43,1.0835003852844238,RRT,env,16,0.1,0.0,3000,84,79.53106287173526
2024-12-19-11-40-24,341.7438335418701,RRT*,env,16,0.1,0.0,3000,28,57.63477131025817
2024-12-19-11-40-26,1.2343268394470215,RRT,env,16,0.1,0.0,3000,137,70.9923143905812
2024-12-19-11-46-17,351.1591556072235,RRT*,env,16,0.1,0.0,3000,78,61.179187911067736
2024-12-19-11-46-18,1.403822422027588,RRT,env,16,0.1,0.0,3000,79,69.62257195304336
2024-12-19-11-51-16,298.0083827972412,RRT*,env,16,0.1,0.0,3000,83,59.38515619661608
2024-12-19-11-51-18,1.204284906387329,RRT,env,16,0.1,0.0,3000,69,78.75643893029466
2024-12-19-11-55-41,263.68373680114746,RRT*,env,16,0.1,0.0,3000,398,62.12254521142781
2024-12-19-11-55-42,1.1347746849060059,RRT,env,16,0.1,0.0,3000,240,81.8406624996059
2024-12-19-12-01-51,368.18301010131836,RRT*,env,16,0.1,0.0,3000,63,61.6570503674781
2024-12-19-12-01-52,1.2390172481536865,RRT,env,16,0.1,0.0,3000,48,75.41881068043195
2024-12-19-12-07-20,327.93187379837036,RRT*,env,16,0.1,0.0,3000,89,59.41202372369392
2024-12-19-12-07-21,0.9940013885498047,RRT,env,16,0.1,0.0,3000,155,74.38290266653476
2024-12-19-12-12-36,315.62311267852783,RRT*,env,16,0.1,0.0,3000,80,62.58202925746636
2024-12-19-12-12-38,1.135849952697754,RRT,env,16,0.1,0.0,3000,32,72.80630435604087
2024-12-19-12-16-46,248.25932216644287,RRT*,env,16,0.1,0.0,3000,265,62.49700851467571
2024-12-19-12-16-47,1.1726577281951904,RRT,env,16,0.1,0.0,3000,67,80.95548167479949
2024-12-19-12-22-16,328.9516899585724,RRT*,env,16,0.1,0.0,3000,51,64.2617726212002
2024-12-19-12-22-17,1.2019150257110596,RRT,env,16,0.1,0.0,3000,98,76.85940309800606
2024-12-19-12-28-17,359.76550102233887,RRT*,env,16,0.1,0.0,3000,68,59.14983653545797
2024-12-19-14-29-23,0.4590003490447998,RRT,env,2,0.1,0.0,1500,1500,0.0
2024-12-19-14-35-27,11.108077764511108,RRT*,env,2,0.1,0.0,1500,815,93.01253275458672
2024-12-19-14-35-32,0.4285244941711426,RRT,env,2,0.1,0.0,1500,1500,0.0
2024-12-19-14-38-41,0.4690065383911133,RRT,env,2,0.1,0.0,1500,1500,0.0
2024-12-19-14-38-53,0.46795201301574707,RRT,env,2,0.1,0.0,1500,1500,0.0
2024-12-19-17-14-19,0.4697988033294678,OBRRT,2,0.0,1500,1500,0.0
2024-12-19-17-14-40,0.4580647945404053,OBRRT,2,0.0,1500,1500,0.0
2024-12-19-17-23-04,0.6874170303344727,OBRRT,2,0.0,1500,1500,0.0
